-- phpMyAdmin SQL Dump
-- version 4.8.5
-- https://www.phpmyadmin.net/
--
-- Hôte : 127.0.0.1:3306
-- Généré le :  mar. 03 mars 2020 à 10:35
-- Version du serveur :  5.7.26
-- Version de PHP :  7.3.5

SET SQL_MODE = "NO_AUTO_VALUE_ON_ZERO";
SET AUTOCOMMIT = 0;
START TRANSACTION;
SET time_zone = "+00:00";


/*!40101 SET @OLD_CHARACTER_SET_CLIENT=@@CHARACTER_SET_CLIENT */;
/*!40101 SET @OLD_CHARACTER_SET_RESULTS=@@CHARACTER_SET_RESULTS */;
/*!40101 SET @OLD_COLLATION_CONNECTION=@@COLLATION_CONNECTION */;
/*!40101 SET NAMES utf8mb4 */;

--
-- Base de données :  `symbnb`
--

-- --------------------------------------------------------

--
-- Structure de la table `ad`
--

DROP TABLE IF EXISTS `ad`;
CREATE TABLE IF NOT EXISTS `ad` (
  `id` int(11) NOT NULL AUTO_INCREMENT,
  `author_id` int(11) NOT NULL,
  `title` varchar(255) COLLATE utf8mb4_unicode_ci NOT NULL,
  `slug` varchar(255) COLLATE utf8mb4_unicode_ci NOT NULL,
  `price` double NOT NULL,
  `introduction` longtext COLLATE utf8mb4_unicode_ci NOT NULL,
  `content` longtext COLLATE utf8mb4_unicode_ci NOT NULL,
  `cover_image` varchar(255) COLLATE utf8mb4_unicode_ci NOT NULL,
  `rooms` int(11) NOT NULL,
  PRIMARY KEY (`id`),
  KEY `IDX_77E0ED58F675F31B` (`author_id`)
) ENGINE=InnoDB AUTO_INCREMENT=121 DEFAULT CHARSET=utf8mb4 COLLATE=utf8mb4_unicode_ci;

--
-- Déchargement des données de la table `ad`
--

INSERT INTO `ad` (`id`, `author_id`, `title`, `slug`, `price`, `introduction`, `content`, `cover_image`, `rooms`) VALUES
(91, 43, 'Accusamus quaerat qui architecto voluptas iusto perspiciatis repellendus.', 'accusamus-quaerat-qui-architecto-voluptas-iusto-perspiciatis-repellendus', 187, 'Aliquam repudiandae repudiandae eaque ea sit. Qui quia quae possimus porro ipsa quae consequuntur.', '<p>Minus aut quod nostrum tempora adipisci neque repellendus. Numquam dicta ut dolor ut magnam accusamus aut rerum. Voluptatem vero quibusdam sit sed eos quibusdam. Et dolore repudiandae eius qui vero iusto tempore optio.</p><p>Aut culpa dolores itaque necessitatibus. Officiis et fugiat modi labore dolore quasi rerum. Fuga facilis eveniet perferendis molestiae. Velit aut et dolorem ut.</p><p>Necessitatibus impedit velit ullam voluptatibus totam et. Fugit velit repudiandae voluptatem iure saepe voluptatem placeat.</p><p>Odit cupiditate voluptatem quo. Qui exercitationem aut voluptatem quia in natus. Illum error et magnam.</p><p>Porro voluptatibus exercitationem et harum rerum et. Molestiae quia voluptas delectus itaque ut rerum aut.</p>', 'https://lorempixel.com/1000/350/?45943', 3),
(92, 40, 'Est et omnis cupiditate in facilis asperiores nihil.', 'est-et-omnis-cupiditate-in-facilis-asperiores-nihil', 122, 'Molestiae maxime aut magnam qui. Tempore autem molestias aliquid sunt eligendi et enim.', '<p>Et est rerum dolor porro ipsum. Quibusdam harum placeat reiciendis nisi maxime. Quia exercitationem repellendus facilis repellendus.</p><p>Blanditiis qui qui nostrum quasi enim et velit. Aut sit porro et quis tempora perspiciatis. Nemo praesentium nulla aut quia.</p><p>Voluptatum qui sed nemo distinctio ipsam. Voluptas possimus ut aut vitae aspernatur debitis. Maxime similique laudantium sunt quasi sunt at omnis atque. Dolores vel ipsum pariatur iusto omnis et beatae.</p><p>Ratione deleniti et corporis explicabo qui neque qui. Laborum quas aspernatur facere nostrum cumque ut tempore. Id esse quaerat adipisci dolores atque qui asperiores.</p><p>Sunt provident voluptatem facilis dolores et accusantium fuga. Veritatis neque quas fugiat nam iste. Cum atque illum numquam quaerat nisi. Cumque id debitis molestias eum voluptates aut dolorem.</p>', 'https://lorempixel.com/1000/350/?67782', 4),
(93, 42, 'Unde adipisci et sit ratione ut cum repellat.', 'unde-adipisci-et-sit-ratione-ut-cum-repellat', 123, 'Iusto non ea rerum aut. Quia atque consequatur corporis minima libero.', '<p>Id tempore est et. Iusto perspiciatis natus in optio eaque. Suscipit consequatur aut expedita nihil.</p><p>Iure nostrum possimus voluptatem voluptas non architecto sunt minima. Et molestiae officiis atque velit. Cupiditate nobis sunt eos aperiam accusantium dignissimos molestiae. Rerum nihil fuga voluptatibus laborum itaque quidem.</p><p>Eos architecto totam porro doloribus necessitatibus. Earum qui beatae inventore suscipit similique blanditiis sunt. Distinctio nesciunt natus et et. Nostrum accusamus ipsum quidem. A autem consequatur minima.</p><p>Numquam id omnis sint facilis voluptas cumque. Cumque ad quos rerum consequuntur veniam. Sed eligendi architecto commodi minus repellendus rerum voluptas. Praesentium rerum et quas eos ea ut.</p><p>Deleniti mollitia nobis sint et sit omnis consequatur. Vel dolor aut repellendus distinctio. Dolores sit veritatis voluptates quia fugit aspernatur. Aliquid quam animi repellat nisi at nemo.</p>', 'https://lorempixel.com/1000/350/?80876', 2),
(94, 35, 'Vel quasi nisi vel eum rerum.', 'vel-quasi-nisi-vel-eum-rerum', 60, 'Eos saepe aliquam illum expedita explicabo ducimus magnam. Ut nihil et ea qui. Molestiae nisi vel libero id quos.', '<p>Quasi nesciunt nisi provident. Sit quibusdam eos ducimus deserunt. Non excepturi impedit nesciunt repellendus illo ut. Est possimus et voluptatem quae.</p><p>At voluptate exercitationem culpa laborum et. Saepe quo aliquid eveniet quia vel. Qui qui nihil repellat numquam et. Est ut molestiae minus qui nostrum.</p><p>Exercitationem minus ducimus accusantium assumenda error quasi ea. Et dignissimos vero unde vel ratione cum deleniti. Rerum ea fugit modi architecto fugiat magnam.</p><p>Voluptatem sunt ipsum debitis itaque accusamus. Eligendi quibusdam impedit at veritatis odio accusamus. Dicta nemo voluptatem itaque eius.</p><p>Quidem animi quia molestias eos ut. Voluptatem sed natus eligendi consequatur. Ipsum mollitia vel voluptas est quia ea.</p>', 'https://lorempixel.com/1000/350/?58119', 1),
(95, 39, 'Doloremque ut perspiciatis aperiam assumenda magni asperiores et.', 'doloremque-ut-perspiciatis-aperiam-assumenda-magni-asperiores-et', 63, 'Culpa voluptatem quia adipisci ratione mollitia corrupti. Impedit ab impedit nihil molestias autem. Minus earum dolor voluptatem sit sit ab numquam.', '<p>Dolore et laboriosam et impedit delectus. Debitis magnam nulla porro rem nihil. Et quas numquam sit a aut. Architecto et sunt vel ut consequatur.</p><p>Aliquid et fugit perspiciatis voluptas rerum sit inventore quam. Accusantium accusamus praesentium reprehenderit cum. Reprehenderit aut aut culpa quia earum repellat ratione. Expedita unde sed sed minus neque et labore.</p><p>Impedit esse id et ab et rerum doloribus. Nesciunt consequatur ad tempore consequatur omnis illum aut reprehenderit. Assumenda et voluptas assumenda quo magnam et nulla sint. Eum sit ab veritatis et omnis expedita reiciendis explicabo.</p><p>Nisi dolore sit illum quasi assumenda voluptas. Et et temporibus velit consequatur. Amet doloribus officiis ipsam asperiores dolore nobis. Delectus ipsa dolor nulla est voluptatem totam eos. Ut est rem quo quaerat.</p><p>Dolor qui eos voluptas qui ea id. Consequatur ex dignissimos omnis adipisci. Officiis in porro quia repudiandae iure est.</p>', 'https://lorempixel.com/1000/350/?99592', 4),
(96, 42, 'Ipsa aliquid magni est.', 'ipsa-aliquid-magni-est', 192, 'Mollitia sunt cumque non placeat ut ut sit labore. Est facere facere quae ex modi consequatur quam.', '<p>Corporis asperiores quo temporibus corrupti. Voluptate repellendus et dicta eveniet hic et veritatis. Minus sunt cumque consequatur est. Molestiae quis culpa eum cum itaque voluptates quaerat.</p><p>Laborum nemo aut saepe impedit aut qui quis. Ut ut quaerat non eius aut.</p><p>Tempore itaque nemo dolor quos distinctio aperiam. Et praesentium repudiandae totam facere expedita similique. Ducimus quae dolorem sint earum eos facilis eos. Suscipit earum voluptas eos voluptatum.</p><p>Et et atque quia sequi sapiente omnis. Eum id saepe et suscipit sapiente temporibus. Quam consectetur repellendus reiciendis rerum.</p><p>Aut dolorum molestias quidem id. Non ut vel quo cupiditate iste. Iure odit impedit distinctio quaerat dolore.</p>', 'https://lorempixel.com/1000/350/?90450', 5),
(97, 35, 'Pariatur itaque labore autem ut animi asperiores a.', 'pariatur-itaque-labore-autem-ut-animi-asperiores-a', 52, 'Quae occaecati voluptas veniam rerum dolor sunt delectus non. Aut quo totam inventore ea quia quos pariatur. Ratione ullam voluptate nulla.', '<p>Sit aperiam earum ea reiciendis. Expedita occaecati fugiat expedita consequatur amet fuga. At est dolorem praesentium et cupiditate impedit aut eaque.</p><p>Iste libero illum ad odit beatae voluptas dolor. Consequatur omnis consequatur molestiae. Voluptate at accusantium accusantium aperiam.</p><p>Sunt ea aut esse eos ea magni. Quibusdam dolorum in dolorem harum ab. Quia ex est quas dignissimos numquam excepturi aut sunt.</p><p>Omnis dolores optio laborum atque eum sit maiores. Mollitia sed quam similique modi quaerat doloribus dolorem. Quis nostrum et voluptatem laboriosam ipsum voluptas. Velit sapiente omnis dolore cum consequatur tenetur.</p><p>Autem rem qui enim ea mollitia aut expedita. Perspiciatis omnis et pariatur et eum corrupti. Omnis et minus dolorum id fugiat hic est omnis.</p>', 'https://lorempixel.com/1000/350/?60626', 2),
(98, 41, 'Necessitatibus neque optio non et.', 'necessitatibus-neque-optio-non-et', 53, 'Fugit aliquam aut nihil dolores voluptatum suscipit omnis sit. Aspernatur quia dignissimos perferendis rem tempore velit ipsam. Aut qui maiores consequatur deleniti repellendus hic.', '<p>Magni vel doloremque quia tenetur asperiores. Magni eligendi saepe laboriosam labore quisquam. Omnis quaerat at earum vel ut accusantium quia.</p><p>Qui cumque et assumenda minus. Eum assumenda autem repellat ex. Necessitatibus unde reprehenderit velit nam eos fugiat. Consectetur voluptates quasi libero necessitatibus.</p><p>Occaecati autem vero ut ad. Nobis dolor sit molestias distinctio et ut. Id explicabo occaecati possimus ut nostrum nulla. Quod quia quia ipsa id repudiandae quia.</p><p>Repellendus suscipit aut quidem et ut et quos. Qui voluptas ullam incidunt. Dignissimos nam et facilis sapiente quasi dolor.</p><p>Quia reiciendis odit sint exercitationem ratione inventore quis voluptatum. Distinctio veritatis cupiditate mollitia odio. Repellat eveniet et sit.</p>', 'https://lorempixel.com/1000/350/?31200', 2),
(99, 39, 'Fugiat dolor et et laudantium quam.', 'fugiat-dolor-et-et-laudantium-quam', 187, 'Quia consequatur perferendis reprehenderit eos error. Aliquam laudantium quibusdam corrupti asperiores.', '<p>Ipsum ut ipsa autem. Consequatur vel rerum eos tempore ab sapiente nostrum quibusdam. Qui consequuntur qui qui excepturi quo in.</p><p>Qui non quos maxime dolore. Fugit autem molestias voluptas autem illum sint ipsum. Cupiditate harum cupiditate sunt eum maiores ratione laborum. Magni odit nemo animi facere aperiam tempora cupiditate.</p><p>Pariatur possimus voluptatibus et porro non enim ut. Nemo non tempore ea corporis pariatur hic sed dolores. Veniam tempora velit aut et. Quis magni eum sunt quia dolor occaecati voluptas.</p><p>Eligendi sint vero libero molestiae modi debitis voluptates. Sed eos blanditiis qui provident aut quae. Qui qui quo et.</p><p>Sed voluptatum commodi velit ipsa dolor ut. Voluptatum voluptas est voluptates commodi. Iste id id atque odio similique et. Sit delectus sunt quo omnis. Inventore id qui a eum nihil eum odio.</p>', 'https://lorempixel.com/1000/350/?73749', 2),
(100, 42, 'Impedit voluptatem ea labore a deleniti explicabo modi.', 'impedit-voluptatem-ea-labore-a-deleniti-explicabo-modi', 165, 'Error ab ut provident sed. Qui ab temporibus fuga nostrum nulla. Reiciendis facilis libero voluptas labore dolorem omnis deleniti.', '<p>A omnis aspernatur sunt autem enim velit eos dolorum. Quae repudiandae veritatis sint eum qui eos magnam. Labore recusandae sit vitae nostrum ex.</p><p>Eveniet quidem est repudiandae voluptas sed. Eos sit consequuntur rerum voluptatem atque. Est doloremque in enim sit atque nobis mollitia nulla. Aut inventore id similique recusandae molestiae.</p><p>Ad non repellat in consectetur sed voluptatum. Facere debitis et facere et rerum velit ratione reiciendis. Voluptatum distinctio quo vero velit inventore.</p><p>Sit mollitia distinctio ut quibusdam. Voluptate molestias illum animi ducimus non natus non. Non temporibus et ea est excepturi. Maxime quo dolores sequi ab aut.</p><p>Consequatur perferendis voluptatum eius aliquid qui. Rem consectetur nemo quia nisi mollitia libero. Sit doloribus nesciunt reiciendis omnis placeat ipsum consequuntur vitae. Eius at atque et labore.</p>', 'https://lorempixel.com/1000/350/?46890', 3),
(101, 35, 'Dolorem doloremque voluptas ut et omnis minus non.', 'dolorem-doloremque-voluptas-ut-et-omnis-minus-non', 122, 'Reiciendis cumque qui id asperiores rerum unde placeat magni. Cupiditate odio ad inventore iusto vel.', '<p>Doloribus minus doloremque quod autem suscipit sit. Aut ab sit laborum ea incidunt consequatur enim. Nihil voluptatem est sequi dolores consequatur et nihil.</p><p>Quia deserunt et voluptatem doloremque et est. Enim sit adipisci rerum possimus veritatis ea sint. Est nobis qui quam neque non. Fugiat facere repellat tempora fuga vel commodi dolorem. Ea eveniet sed reiciendis dolore maiores a labore.</p><p>Occaecati nulla qui aut sint ipsa voluptatem. Sapiente voluptatum beatae a qui labore. Consequatur ut cupiditate maxime facilis. Quia dolores nihil eos. Est et nobis eveniet suscipit vel.</p><p>Ad tenetur eum nostrum maiores aut. Labore et aut cum architecto dolorem deleniti et sit. Placeat odit quia sit.</p><p>Est rerum nihil distinctio. Facere enim et quia in maiores. Magnam magnam in quia possimus aut eum sapiente. Ut aut asperiores et doloremque blanditiis eaque consectetur.</p>', 'https://lorempixel.com/1000/350/?18146', 5),
(102, 35, 'Repellendus repellendus voluptas nulla aut voluptatem veniam quis.', 'repellendus-repellendus-voluptas-nulla-aut-voluptatem-veniam-quis', 96, 'Nulla explicabo aut hic alias quia ut. Eum voluptatibus et laboriosam et et esse.', '<p>Itaque commodi qui tempora quaerat tempora et ut. Harum minima facilis exercitationem corrupti ea.</p><p>Earum necessitatibus non molestiae cumque recusandae quia earum deserunt. Veritatis nam exercitationem quod harum est aliquid odio labore.</p><p>Nostrum quos cumque ut iste in. Et est natus voluptate provident sapiente et. Aut nostrum est provident nostrum eaque aliquam.</p><p>Sunt quia sapiente tempore quia eum voluptas. Ut velit enim consequatur amet vel nostrum tempore. Sed cupiditate id velit iste ipsam commodi. Adipisci quibusdam adipisci delectus accusamus.</p><p>Dolorem enim id eius sint. Ad consequatur adipisci reiciendis velit praesentium. Vel doloribus nostrum cumque reiciendis.</p>', 'https://lorempixel.com/1000/350/?48626', 4),
(103, 36, 'Nesciunt est sed iusto praesentium.', 'nesciunt-est-sed-iusto-praesentium', 166, 'Delectus officiis aut sequi exercitationem rerum. Perspiciatis incidunt aut exercitationem sit qui. Laborum reprehenderit molestias et voluptatum ex voluptatem facilis.', '<p>Assumenda aut animi animi consectetur. Adipisci illo ab nulla aperiam perferendis eos. Eveniet non velit unde suscipit.</p><p>Est quia est ut. Omnis iure reiciendis amet fuga. Recusandae voluptas harum qui magnam maxime et. Et odit eaque non ipsam voluptatem sed.</p><p>Aut nemo sed dolorem ad excepturi. Et suscipit nobis non velit ipsa qui qui. Impedit atque ipsa quas facere. Illo perspiciatis amet ipsa maxime aspernatur.</p><p>Quisquam eveniet esse iusto rem. Omnis repudiandae expedita fugiat alias dolorum. Eveniet quia sint velit suscipit sed voluptatem.</p><p>Explicabo natus consequuntur quis facilis aspernatur. Aut consequuntur quam et. Veniam voluptas aliquam doloremque et. Eos sapiente illum cum amet id.</p>', 'https://lorempixel.com/1000/350/?34714', 3),
(104, 36, 'Error et architecto aperiam qui odio ut facilis.', 'error-et-architecto-aperiam-qui-odio-ut-facilis', 81, 'Eum officia eius a cum repellat. Dolores qui est aut iste quos ipsam dignissimos iure.', '<p>Ut voluptatibus voluptate aliquam. Nisi quia blanditiis praesentium omnis nisi. Ipsum excepturi ea est aut ex. Quibusdam vel atque reprehenderit laudantium vel voluptates laboriosam.</p><p>Rerum qui tempore in sunt. Alias nam ipsam repellat saepe velit vitae. Modi dolor voluptatem minus vel est sapiente eos.</p><p>Quia aut maiores qui nemo ipsa ut maxime. Tenetur omnis repellendus asperiores officia sint. Aut est ex ipsa dolores repellat quae. Distinctio sed est voluptatem nostrum quam ratione. Assumenda quis praesentium ipsam ab voluptas.</p><p>Labore placeat voluptatem sed quae. Enim ducimus officia debitis repellat ea. Modi dicta soluta maxime consequuntur numquam cumque sunt. Aut cupiditate laboriosam a soluta explicabo dolor laboriosam.</p><p>Quisquam reprehenderit id commodi unde voluptatem qui aperiam. Eaque quia aliquam dolor id sit odio harum. Doloremque mollitia et et est.</p>', 'https://lorempixel.com/1000/350/?62294', 3),
(105, 40, 'Sed repellendus dolorem non nulla laboriosam id.', 'sed-repellendus-dolorem-non-nulla-laboriosam-id', 193, 'Iste fugiat libero enim facilis. Cum expedita eum temporibus facilis.', '<p>Qui ea sed sunt deleniti. Et officia est illo omnis neque explicabo. Et quo voluptatibus rerum ut aut. Quisquam ut facilis id minus magni consequatur.</p><p>Ipsum eligendi minima similique error modi iusto veritatis. Aut architecto eligendi culpa quis veritatis. Deleniti ut consequatur earum qui.</p><p>Culpa ratione repudiandae expedita sunt. Sed quae nobis fugit quae ipsa neque magnam. Rerum fugiat error rem. Saepe quia delectus in suscipit ea.</p><p>Omnis dicta assumenda quod dolor. Accusamus et qui natus illo vel rerum eos. Ut quis ea corporis.</p><p>Debitis animi dolorem accusantium voluptates aut. Ut fugit dolorem fuga.</p>', 'https://lorempixel.com/1000/350/?91610', 5),
(106, 36, 'Impedit quo adipisci consequatur quo.', 'impedit-quo-adipisci-consequatur-quo', 60, 'Ea doloremque maiores alias dolorem. Non velit blanditiis aspernatur aut cum sed quis.', '<p>Ut repellendus veritatis repellendus tenetur quidem. Aut natus aspernatur in nulla aut qui. Qui dolorem quasi eligendi saepe. Quisquam incidunt non mollitia tenetur. Est enim cum aut fugiat.</p><p>Quae aperiam quis voluptatem aliquid. Ea sint repellendus impedit rem reiciendis magni. Voluptatem incidunt quam ab. Aspernatur quam quia quo. Aliquid laboriosam reprehenderit ipsa tenetur dignissimos sunt.</p><p>Incidunt ut voluptas natus sequi aut in est nobis. Dolorem sed qui quia commodi impedit dicta modi. Impedit ut odio repudiandae repudiandae sapiente. Modi delectus ut quasi dolor.</p><p>Rerum fugit odio magnam sit laborum. Maiores sit hic distinctio eum. Voluptas magnam ipsa ex voluptatem.</p><p>Magni est at dolorem. Et sit officiis id magnam quia. Ratione sint est eos atque rem. Quo vitae voluptatem distinctio ut fugit illum laudantium quia.</p>', 'https://lorempixel.com/1000/350/?18709', 2),
(107, 38, 'Porro voluptatem quas et tempora.', 'porro-voluptatem-quas-et-tempora', 136, 'In nihil eius est tempora ab necessitatibus sunt. Est voluptatibus quam quae ut magni quia. Esse quo qui soluta consequatur mollitia saepe voluptatibus.', '<p>Eum harum nobis modi eaque nostrum. Molestiae et dolorem est perspiciatis cupiditate. Nihil necessitatibus culpa ut illo.</p><p>Recusandae iure architecto eum ut. Adipisci aliquam eaque et consequatur. Iure qui harum dignissimos eum.</p><p>Molestias rerum similique fuga maxime maxime asperiores laudantium amet. Et ut laboriosam excepturi eos maxime ut libero. Saepe aut placeat sapiente qui cumque at.</p><p>Aut ut sit error in id velit. Totam vero est nemo maiores eius. Sint facere id aspernatur voluptatem. Suscipit non labore consectetur aliquid occaecati ut.</p><p>Odit accusantium ut rerum accusamus fuga dolorem. Aut illum vero laborum. Ab enim quibusdam fuga eligendi rerum. Non est inventore alias officiis quidem.</p>', 'https://lorempixel.com/1000/350/?97139', 3),
(108, 43, 'Magni cum voluptatem rerum repellendus magni dolores esse.', 'magni-cum-voluptatem-rerum-repellendus-magni-dolores-esse', 141, 'Minima tenetur impedit expedita sunt. Maxime iste exercitationem sed quos ipsam laudantium.', '<p>Non voluptatem dolorem nulla illo optio. Sed reiciendis ut est amet voluptas qui eum. Rem consequuntur nulla sit et. Quisquam veritatis quibusdam ut modi ducimus et.</p><p>Odio eos ducimus vel et. Expedita in minima dicta sed omnis. Sit molestiae ad eum quod numquam vero dicta. Ipsum cupiditate ipsam sed autem nemo ducimus ea.</p><p>Non eius non accusantium dolores tenetur. Et illum qui maiores in nam officiis nostrum quam. Ipsam exercitationem est veritatis dolore sed et culpa.</p><p>Nulla recusandae autem corrupti ab quo deserunt. Iure quam tempore libero ut odit ad voluptatem. Cupiditate quia quam eos nostrum blanditiis saepe maiores asperiores.</p><p>Amet sunt vitae aut doloremque libero et fugit. Nostrum ipsa at et aspernatur.</p>', 'https://lorempixel.com/1000/350/?26640', 3),
(109, 35, 'Assumenda culpa expedita eveniet consectetur quam reprehenderit nobis.', 'assumenda-culpa-expedita-eveniet-consectetur-quam-reprehenderit-nobis', 91, 'Qui sapiente cumque ab tenetur repellendus ea. Ex nisi quia non sequi dolorem totam deleniti.', '<p>Expedita ratione harum eum nesciunt qui amet voluptatibus. Quam et nobis id delectus. Aliquid voluptates asperiores reiciendis deleniti. Eum ullam veritatis accusamus tempora ut libero.</p><p>Sit maxime eos ipsa. Velit perspiciatis repellendus iusto ut aperiam est. Alias dolorum quae debitis labore. Minus et mollitia consequatur iusto voluptas praesentium.</p><p>Doloremque dolorem unde non sint non eos cumque. Eligendi reprehenderit omnis illo adipisci porro. Praesentium perspiciatis ut alias blanditiis saepe placeat cum. Illum voluptate at tempora a.</p><p>Aut tenetur doloribus fuga nulla. Iure facere eum voluptate aut natus. At doloribus vel minus eum. Explicabo est soluta ab velit.</p><p>Nam vel numquam non aspernatur. Aliquid odio laboriosam nulla odit consectetur tenetur unde.</p>', 'https://lorempixel.com/1000/350/?11671', 5),
(110, 44, 'Iste aut optio veniam est magni dicta qui sit.', 'iste-aut-optio-veniam-est-magni-dicta-qui-sit', 92, 'Dolor non sapiente et sunt qui. Rerum excepturi sit accusamus quo vero accusantium.', '<p>Dolore velit commodi deleniti debitis. Qui ex quasi quisquam nulla qui voluptatem. Eveniet est praesentium quia ab.</p><p>Vitae inventore voluptas accusamus quis. Occaecati voluptatem provident ea voluptatem id aut asperiores. Quasi ipsum quibusdam velit.</p><p>Et unde voluptate voluptas animi doloremque minus. Libero qui a quaerat nihil maiores rerum repellendus. Hic esse saepe ut cumque explicabo aut rerum.</p><p>Nulla voluptates aspernatur ipsum suscipit exercitationem sed hic. Quia natus assumenda dignissimos. Impedit labore autem provident magnam voluptatem. Labore sed alias enim.</p><p>Debitis qui optio soluta dolores fugit architecto laboriosam. Quam fuga est sed deserunt. Delectus qui minus officiis non. Eum sequi quae omnis mollitia quibusdam.</p>', 'https://lorempixel.com/1000/350/?42156', 2),
(111, 36, 'Id beatae earum maxime ut exercitationem nostrum explicabo.', 'id-beatae-earum-maxime-ut-exercitationem-nostrum-explicabo', 93, 'Rem et voluptatum molestias qui atque quia. Voluptatem reprehenderit quia est asperiores voluptas sequi quis.', '<p>Et numquam dolores mollitia illum illo aut. Eum officia ducimus ut architecto odio ratione. Omnis eius accusantium aut aliquid dolorem quisquam voluptatem. Labore ex minus ut expedita voluptas.</p><p>In consequatur amet totam tempore consequatur quo. Quia omnis dolorem et veniam sint pariatur ea et. Aut unde quia fugiat quis necessitatibus qui laudantium. Quo tempora harum rerum beatae.</p><p>Provident nemo et nam quia repellat consequatur praesentium. Voluptatem qui mollitia et quibusdam et itaque assumenda quaerat. Aut vero non provident.</p><p>Et eum dolorem quis quia ab possimus. Praesentium totam eveniet nostrum maxime. Ad et assumenda ipsum harum dolore eligendi. Alias quidem voluptatem ut sunt.</p><p>Explicabo aut laborum atque hic molestiae deserunt reprehenderit ab. Dolor laborum aliquam beatae nihil. Nihil voluptas illum consequatur placeat. Voluptatem quia eius ex vel placeat in.</p>', 'https://lorempixel.com/1000/350/?86838', 4),
(112, 44, 'Consectetur illum quia soluta alias ut.', 'consectetur-illum-quia-soluta-alias-ut', 124, 'Ut optio voluptates voluptatem ut iste. Natus minus qui cupiditate nam repellat quidem illum.', '<p>Laboriosam sequi voluptatem enim vitae optio ratione. Ipsa vel voluptatum tempore provident est nesciunt enim. Itaque minima vero ut qui voluptates.</p><p>Voluptates quis corrupti rerum a corporis. Possimus et earum quidem sit unde. Aut voluptas fuga eum illo magnam id laboriosam.</p><p>Neque eos quo unde aliquid. Debitis enim doloremque dolor consequatur enim. Consequatur ullam voluptatibus quaerat et et porro ipsam. Dolorum quia asperiores et facere quia sed qui.</p><p>Rerum esse quam culpa. Fuga et sed et ex sunt deleniti quod.</p><p>Nesciunt veniam voluptatibus qui aut repellat. Facilis magni aut nostrum et. Aliquam animi accusamus aut et deserunt ea. Tempora dignissimos maiores quaerat ratione omnis voluptas.</p>', 'https://lorempixel.com/1000/350/?53820', 5),
(113, 43, 'Deleniti quia delectus ut rerum aut suscipit.', 'deleniti-quia-delectus-ut-rerum-aut-suscipit', 110, 'Natus veniam sit non quisquam quis. Doloribus ad eum rem ea qui aut ratione. Delectus deleniti et quia fugit magni quod.', '<p>Quis sunt quasi qui expedita et unde aut. Recusandae illo hic quod eum iure est voluptas. Sint ut assumenda illo placeat quae voluptatem provident.</p><p>Eos cupiditate sed numquam optio aut minima debitis. Iure molestias quibusdam voluptatem corrupti nobis sit officia. Iure ea soluta est. Dolores suscipit et sequi iste animi.</p><p>Magnam natus accusantium laudantium sunt. Voluptatum vitae beatae minus vero aspernatur. Minima id aut facilis accusamus ullam ab sed.</p><p>In ut deserunt enim numquam exercitationem. Sapiente eum porro quam corporis. Voluptas pariatur ipsum debitis odio qui quo. Nemo ipsa officia et sed voluptatem amet.</p><p>Debitis consequatur aspernatur non. Illum quisquam nihil voluptate qui est inventore possimus. Quia ut voluptatem dolorem quibusdam. Qui reprehenderit illum ducimus minus et nesciunt quis.</p>', 'https://lorempixel.com/1000/350/?11598', 3),
(114, 36, 'Autem odio recusandae voluptatem eius ut et.', 'autem-odio-recusandae-voluptatem-eius-ut-et', 130, 'Qui pariatur eum quo et repellat eos et consectetur. Animi aut magni id dolore.', '<p>Voluptatem laudantium libero error vitae blanditiis non natus iure. Sit omnis temporibus vel odio harum sed. Earum iusto tenetur aliquid dolor. Est pariatur libero beatae eligendi et expedita. Est corrupti est incidunt quia eaque.</p><p>Commodi laborum ullam eius eum. Error eos omnis aut vitae. Porro voluptas quisquam et id aliquam.</p><p>Tempora ad similique sunt mollitia voluptatem. Est numquam aliquid voluptatibus vel. Sit et ipsam qui aut ut ducimus molestiae. Deserunt voluptas similique repellendus.</p><p>Voluptas saepe illo quia aut quidem. Sed facilis dicta molestias optio itaque ipsum impedit. Dolores soluta molestiae repudiandae sunt et sed.</p><p>Fugit officiis molestiae eligendi eveniet. Quam saepe debitis fugit officia eos repudiandae. Vel dignissimos aut possimus porro veritatis perspiciatis recusandae.</p>', 'https://lorempixel.com/1000/350/?48494', 1),
(115, 42, 'Non recusandae sunt expedita a consequatur hic molestiae.', 'non-recusandae-sunt-expedita-a-consequatur-hic-molestiae', 144, 'Numquam atque doloremque et amet sunt. Non maxime et et.', '<p>Non laboriosam praesentium fugiat magnam possimus sapiente eligendi nostrum. Saepe ab asperiores tempora vero. Exercitationem aut quaerat iusto iure molestiae. Ut magni saepe id repellendus non explicabo.</p><p>Distinctio vel debitis officiis in dolor vel. Ipsum qui ipsa ipsa omnis et provident recusandae. Minus et dolor qui delectus odio. Porro qui vitae sed dolor animi.</p><p>Qui blanditiis autem a voluptatem. Voluptas est consequuntur accusantium occaecati aut. Rem quibusdam qui aspernatur suscipit quia voluptates. Omnis necessitatibus sint enim et.</p><p>Minus quo omnis id vel. Voluptatem officia quia repudiandae praesentium at beatae et. Quisquam quidem inventore enim accusamus.</p><p>Quia sit sit necessitatibus asperiores quisquam nobis ut velit. Harum quia est at eos praesentium numquam. Ipsum error est quas animi aut occaecati. Ullam rerum hic sed illum sed.</p>', 'https://lorempixel.com/1000/350/?56909', 4),
(116, 41, 'Aspernatur molestias cumque minus tempora ex eius veniam.', 'aspernatur-molestias-cumque-minus-tempora-ex-eius-veniam', 165, 'Ut fuga quia repellendus non sunt odio eaque in. Consectetur maiores recusandae odit hic. Aspernatur molestias molestiae et vel eum animi ut cum.', '<p>Provident odit voluptates id nihil qui. Natus nam voluptatem rerum ex alias. Expedita hic consequatur qui ut aspernatur qui.</p><p>Quis sed iure esse quisquam vel explicabo rerum. Aut porro quis quia itaque ullam. Quaerat ipsum deleniti exercitationem ullam. Atque sit et sed est aut.</p><p>Ut officia ut maiores corrupti officiis autem veniam. Aperiam cupiditate veritatis velit voluptatem quia quibusdam consequatur harum. In sint eveniet nihil voluptas voluptatem quae officiis quia.</p><p>Rerum et labore laudantium in est consequuntur omnis. Repudiandae quis recusandae sed alias ratione. Pariatur sapiente ut ut velit et illum. Quos libero possimus qui voluptas modi.</p><p>Dolorum excepturi quos aut qui. Fugit rerum ratione est. Ipsum reprehenderit occaecati enim dolor magnam eius omnis. Quae et nostrum ipsum sit natus est explicabo.</p>', 'https://lorempixel.com/1000/350/?70233', 3),
(117, 38, 'Vel consequuntur non quod illo aut.', 'vel-consequuntur-non-quod-illo-aut', 110, 'Inventore et praesentium et ratione et temporibus. Corporis sit et dicta voluptatem in.', '<p>Ea velit deleniti ut dolores fuga distinctio. Earum eligendi aut quos enim nemo autem debitis est.</p><p>Non odio itaque iure ipsum aut ipsam. Consequatur vel et doloremque deserunt architecto. Voluptatibus esse id nobis nulla qui voluptas laborum corporis. Vel et esse qui non vero optio hic. Nostrum praesentium voluptatem voluptatum voluptate quaerat aut temporibus.</p><p>Beatae officia culpa temporibus quam. Velit nobis laborum doloribus non perspiciatis dolore quia. Consequatur quo dolores amet corrupti veniam pariatur rerum labore. Libero dignissimos aliquid sunt.</p><p>Maxime facilis molestiae exercitationem quaerat ea hic. Quis veniam mollitia tempora consectetur quia tenetur. Cupiditate et omnis suscipit quia laborum. Et laborum voluptas voluptatem enim.</p><p>Neque magnam et ipsam consequatur ad aliquam. Velit voluptatem aliquam iure sed accusantium. Commodi sit eaque dolore omnis earum perferendis.</p>', 'https://lorempixel.com/1000/350/?91883', 3),
(118, 37, 'Commodi illo sunt dicta et minima.', 'commodi-illo-sunt-dicta-et-minima', 130, 'Perspiciatis qui voluptate labore quae rerum omnis corrupti. Qui rerum et ea esse dolorem consequatur. Sit quia ipsa esse voluptatibus maxime voluptas reiciendis.', '<p>Accusantium ex quo non et. Ullam distinctio laudantium omnis eum expedita in repellat. Possimus est dolorem voluptatem suscipit dolores quidem eveniet.</p><p>Ut possimus aut omnis sequi. Suscipit ipsum facere quidem veritatis nesciunt. Vel sunt voluptatem odio.</p><p>A ea natus et possimus magnam ut corrupti. Maxime voluptatem sit adipisci omnis nobis. Odit numquam dolorem accusamus nihil officiis. Sit qui rerum ipsam eum unde voluptates iste asperiores.</p><p>Est aut veritatis adipisci et quis praesentium voluptates. Numquam omnis sint minus neque laborum qui ab et. Odit voluptatem non nisi nisi et sit omnis. Expedita voluptatem voluptatum recusandae enim.</p><p>Voluptates recusandae aliquam saepe. Numquam quo similique eos et sed. Rerum et est non et et sit.</p>', 'https://lorempixel.com/1000/350/?78796', 4),
(119, 40, 'Accusamus nemo pariatur id ea facilis.', 'accusamus-nemo-pariatur-id-ea-facilis', 84, 'Autem doloremque est itaque delectus eum. Iure non ducimus corrupti impedit perferendis soluta.', '<p>Voluptatum ea quaerat et. Cupiditate illum ratione dicta dignissimos quos soluta possimus. Et veniam repellendus distinctio est eaque nostrum. Veritatis voluptatem magnam consequatur enim sunt nulla quo et.</p><p>Distinctio dolorum excepturi aut velit. Qui in nihil dolor alias consequatur accusamus vitae corrupti. Magni repellendus id ut.</p><p>Esse error quia quidem necessitatibus deleniti molestiae. Enim est rem aliquam dolore. Quod voluptatibus saepe rerum ut.</p><p>Eos facilis earum ullam fugiat minus enim id et. Quasi sed adipisci enim. Veritatis dignissimos nihil ut ducimus esse.</p><p>Et sunt hic voluptatum laudantium. Non ad corporis ratione quaerat. Ab aut nihil mollitia hic enim repellat explicabo. Modi alias ut placeat facilis voluptatem et.</p>', 'https://lorempixel.com/1000/350/?69842', 2),
(120, 39, 'Reprehenderit tenetur voluptatibus iusto beatae eos quod ad.', 'reprehenderit-tenetur-voluptatibus-iusto-beatae-eos-quod-ad', 124, 'Illum dolores perferendis est et vel reprehenderit. Eos consequatur accusantium natus deserunt nostrum sit.', '<p>Velit aut numquam eveniet quo est enim. Iste esse dolor sint. Doloribus quia deleniti porro nesciunt architecto quo.</p><p>Tempore omnis quia saepe quia qui suscipit qui aliquid. Ut deleniti natus quia quas. Pariatur qui et quis itaque aut quia. Eveniet voluptatem et et ut ullam.</p><p>Ex rem saepe voluptatibus quia eveniet. Officiis in officia aut impedit non. Totam omnis quos vel adipisci nobis repellendus aperiam quia. Ut sunt inventore corporis veniam.</p><p>Quae repellendus in in voluptas. Assumenda repellendus nostrum exercitationem sed rerum commodi voluptatem. Blanditiis labore molestias nihil quidem. Facere atque eos assumenda iusto aliquid ea aut atque. Ipsum autem adipisci voluptatem nemo hic eum.</p><p>Ex non consequatur quis vel et. Voluptas tenetur quos dolor ipsam. Optio aut est dolores nam.</p>', 'https://lorempixel.com/1000/350/?47690', 3);

-- --------------------------------------------------------

--
-- Structure de la table `booking`
--

DROP TABLE IF EXISTS `booking`;
CREATE TABLE IF NOT EXISTS `booking` (
  `id` int(11) NOT NULL AUTO_INCREMENT,
  `booker_id` int(11) NOT NULL,
  `ad_id` int(11) NOT NULL,
  `start_date` datetime NOT NULL,
  `end_date` datetime NOT NULL,
  `create_at` datetime NOT NULL,
  `amount` double NOT NULL,
  `comment` longtext COLLATE utf8mb4_unicode_ci,
  PRIMARY KEY (`id`),
  KEY `IDX_E00CEDDE8B7E4006` (`booker_id`),
  KEY `IDX_E00CEDDE4F34D596` (`ad_id`)
) ENGINE=InnoDB AUTO_INCREMENT=288 DEFAULT CHARSET=utf8mb4 COLLATE=utf8mb4_unicode_ci;

--
-- Déchargement des données de la table `booking`
--

INSERT INTO `booking` (`id`, `booker_id`, `ad_id`, `start_date`, `end_date`, `create_at`, `amount`, `comment`) VALUES
(178, 42, 91, '2019-12-19 12:06:43', '2019-12-28 12:06:43', '2019-10-12 05:58:08', 1683, 'Minima voluptate corporis repudiandae atque. Laudantium nobis explicabo quo non quam enim tempore. Sed nihil delectus magnam exercitationem. Quia vitae numquam dolorem laborum.'),
(179, 35, 91, '2019-12-22 12:09:33', '2019-12-26 12:09:33', '2020-01-02 17:43:29', 748, 'Totam est sed ut explicabo dignissimos reiciendis ea alias. Et velit vero unde ratione. Enim vitae in et adipisci et velit error. Consequatur et et totam reprehenderit non unde ad.'),
(180, 40, 91, '2019-12-06 07:44:39', '2019-12-14 07:44:39', '2020-01-29 07:09:07', 1496, 'Adipisci earum est vel beatae voluptatum repellat. Laborum sed aut velit voluptatem nostrum hic. Et aut esse aperiam aut. Modi ullam nemo voluptatum vero reprehenderit voluptatem sapiente.'),
(181, 41, 91, '2020-01-15 12:11:01', '2020-01-21 12:11:01', '2020-01-03 15:21:24', 1122, 'Veniam sunt dicta accusantium deserunt. Iste qui nisi hic eveniet. Aut at esse porro officia. Dolor ad quibusdam odit ut fugiat et.'),
(182, 36, 92, '2020-01-01 04:38:31', '2020-01-05 04:38:31', '2019-12-24 04:30:52', 488, 'Facilis atque porro adipisci eos quos molestiae voluptate consectetur. Ipsum molestiae quos omnis cum. Voluptates ut quia ea saepe et. Ratione sit ipsa ut rem veniam nobis odit.'),
(183, 36, 92, '2019-12-23 07:34:05', '2019-12-29 07:34:05', '2020-01-25 13:46:25', 732, 'In odio est qui sint aut voluptas sit. Aut amet corporis consectetur enim sit accusamus. Inventore accusamus qui minima nulla qui optio. Eos eos sed consequatur aut.'),
(184, 40, 92, '2020-01-12 08:33:06', '2020-01-22 08:33:06', '2019-09-21 10:26:47', 1220, 'Dignissimos optio itaque ipsa eum eum. Iure vel quia dolores sit quia optio.'),
(185, 37, 92, '2020-01-19 15:12:51', '2020-01-24 15:12:51', '2019-10-03 05:25:16', 610, 'Quis autem voluptatem eos libero. Fugiat aliquam reiciendis aut odit quam perferendis et. Nesciunt aut eos sed quasi.'),
(186, 39, 92, '2020-01-06 05:43:54', '2020-01-09 05:43:54', '2019-10-31 17:42:41', 366, 'Iste quisquam quia necessitatibus odio laboriosam. Aliquid autem minus nobis odit quia. Pariatur et sapiente vel vel.'),
(187, 35, 92, '2019-11-28 05:46:12', '2019-12-04 05:46:12', '2019-12-06 14:05:30', 732, 'Sit illum cupiditate inventore. Vero sed reiciendis excepturi ut libero saepe. Tempora aut nesciunt et delectus voluptatem ratione ratione quia.'),
(188, 39, 93, '2019-12-04 19:31:37', '2019-12-11 19:31:37', '2019-12-11 09:29:01', 861, 'Dolor et quia nobis dignissimos. Laboriosam omnis vero et accusamus vel. Temporibus consequatur debitis at aut asperiores veritatis. Quo ad eos corporis rem. Tenetur et ducimus iure aut perferendis id rerum aliquid.'),
(189, 43, 93, '2019-12-10 14:14:12', '2019-12-20 14:14:12', '2019-10-12 03:08:45', 1230, 'Iusto exercitationem ducimus aut non eum in. Illum impedit est natus similique iure commodi consequatur. Placeat minima ducimus sint dolores. Quo quia corporis voluptas blanditiis.'),
(190, 41, 93, '2019-12-01 16:07:48', '2019-12-06 16:07:48', '2020-01-18 00:50:24', 615, 'Cum voluptatibus ut molestiae et aliquam sed. Recusandae odio quos qui fuga. Repellendus debitis quidem sit.'),
(191, 38, 93, '2020-02-17 05:14:51', '2020-02-23 05:14:51', '2020-02-08 09:48:30', 738, 'Quae libero sint dolores voluptatem est. Dolorem porro accusantium sit et quidem voluptatem et. Voluptas sint omnis aut numquam quisquam inventore sint enim. Perspiciatis occaecati fuga dolores voluptas blanditiis.'),
(192, 36, 94, '2019-12-27 17:51:30', '2020-01-01 17:51:30', '2020-01-11 07:34:19', 300, 'Similique laborum ipsa saepe pariatur. Commodi quas porro alias voluptas corporis maxime doloribus. Temporibus consequatur incidunt quos cupiditate ipsa. Non aut et sit velit voluptatem unde natus sit.'),
(193, 36, 94, '2019-11-28 04:15:48', '2019-12-08 04:15:48', '2019-09-07 01:44:33', 600, 'Magni quo consequatur molestias vero odit possimus laboriosam. Aut repudiandae deserunt et aspernatur rerum aut. Voluptatem voluptates ipsam iste sit aut fuga incidunt.'),
(194, 36, 94, '2019-12-01 18:04:37', '2019-12-07 18:04:37', '2019-12-19 02:16:06', 360, 'Eos maiores est et veritatis alias ullam qui. Deserunt aspernatur occaecati modi aut.'),
(195, 36, 94, '2019-12-29 13:18:22', '2020-01-06 13:18:22', '2019-11-04 00:12:36', 480, 'Fugiat cumque culpa quasi architecto. Totam est reprehenderit deserunt velit sapiente debitis nihil. Et excepturi ratione in qui velit odit.'),
(196, 36, 95, '2019-11-28 00:30:54', '2019-12-07 00:30:54', '2019-11-18 13:24:24', 567, 'Quis quaerat et enim voluptas ea omnis consectetur. Et dolorum quo ad laudantium est qui qui amet. Ex voluptates numquam impedit dolores maiores voluptatem dolor.'),
(197, 40, 95, '2019-12-06 14:11:36', '2019-12-14 14:11:36', '2020-02-14 20:58:25', 504, 'Qui quisquam sed inventore alias ut eum et. Harum accusamus repellat molestiae et quod laboriosam et. Aut labore est qui consequatur commodi qui dolor modi. Omnis labore voluptas laborum tempore non ducimus.'),
(198, 43, 95, '2020-02-01 10:55:27', '2020-02-11 10:55:27', '2019-11-10 01:36:36', 630, 'Illum inventore vitae possimus sequi est voluptas dolores. Aut reiciendis praesentium id vel consequuntur. Et alias labore laboriosam at.'),
(199, 38, 95, '2020-02-09 06:30:17', '2020-02-18 06:30:17', '2020-01-09 19:43:42', 567, 'Non magni ex ut laborum in. Reprehenderit qui non quidem sapiente adipisci. Est aliquid illo quisquam adipisci.'),
(200, 42, 95, '2020-01-01 23:05:08', '2020-01-04 23:05:08', '2020-02-19 17:29:29', 189, 'Non laboriosam illo corporis provident. Aliquam saepe voluptas labore sit laudantium consectetur temporibus. Nihil blanditiis corporis consequatur et. Unde corrupti ea qui nobis. Aspernatur quis architecto incidunt porro.'),
(201, 44, 96, '2020-02-14 12:37:56', '2020-02-20 12:37:56', '2020-01-24 11:11:43', 1152, 'Non fugiat ut maiores aut. Sit sed id a hic veritatis. Id ex fuga aperiam velit magnam.'),
(202, 35, 96, '2019-12-15 08:58:49', '2019-12-18 08:58:49', '2020-01-09 19:57:21', 576, 'Assumenda sint qui eum iure dolores dolores explicabo. Qui provident sequi sapiente et dignissimos aut voluptas. Ipsa occaecati et suscipit ipsa.'),
(203, 38, 96, '2020-02-04 05:32:12', '2020-02-11 05:32:12', '2019-09-04 21:18:34', 1344, 'Voluptatum rerum sint veritatis velit molestiae temporibus ea nesciunt. Corrupti eum ut rerum aspernatur aspernatur dolor laudantium neque. Quae deleniti quo blanditiis vel deleniti.'),
(204, 39, 97, '2020-02-16 06:05:37', '2020-02-21 06:05:37', '2019-10-15 10:43:51', 260, 'Possimus inventore odio eligendi sequi voluptatum ipsa voluptas. Animi minima amet nemo in qui ut deserunt. Et et ut similique voluptas quisquam. Eos qui nemo laboriosam quas dolorem eveniet. Error eum illum dolore laboriosam.'),
(205, 40, 97, '2020-01-14 00:07:44', '2020-01-19 00:07:44', '2019-09-17 08:35:56', 260, 'Dolorum harum qui et sunt quo est adipisci. Sed aut dolor repudiandae aliquam qui beatae cum.'),
(206, 42, 97, '2019-12-19 23:48:44', '2019-12-25 23:48:44', '2019-11-07 09:22:53', 312, 'Fugit aperiam est totam voluptatem voluptas ducimus veniam. Odio aut soluta expedita dolor aut non. Quidem minus id dolores tenetur nobis voluptatum et. Ea reiciendis tempore rerum at sequi sunt odio corrupti.'),
(207, 42, 97, '2020-01-10 06:09:25', '2020-01-19 06:09:25', '2019-11-07 13:20:51', 468, 'Vitae modi voluptatum sit non commodi est. Non adipisci impedit molestiae consequatur accusantium. Vel voluptatum cumque eos voluptas reiciendis. Provident suscipit et quo et architecto. Dolore in reiciendis earum ut.'),
(208, 39, 97, '2020-01-28 23:05:43', '2020-02-07 23:05:43', '2020-01-14 16:10:07', 520, 'Sunt earum doloribus vel et aut. Nam occaecati excepturi voluptas est ut rerum animi. Placeat dignissimos ut aut quo reiciendis illum cum. Odio debitis aut possimus similique veniam necessitatibus sit.'),
(209, 38, 97, '2019-12-04 22:58:06', '2019-12-11 22:58:06', '2019-09-16 05:33:54', 364, 'Dolorem sit at ratione mollitia consectetur eveniet culpa. Voluptatem ullam et harum ad possimus. Eveniet itaque voluptatem dolorem dolores est laudantium.'),
(210, 43, 97, '2019-12-03 05:53:27', '2019-12-06 05:53:27', '2019-12-03 13:27:37', 156, 'Distinctio consequatur consequatur quis voluptates hic qui. Vero illum nihil consequuntur vitae officia aspernatur ut. Iusto incidunt sint eius corrupti dolorem in ut possimus. Soluta est et ipsam et vitae hic quas.'),
(211, 38, 97, '2020-01-16 02:16:03', '2020-01-21 02:16:03', '2019-10-01 16:07:13', 260, 'Quas eligendi rerum dolor enim adipisci at sint ut. Quia nam dicta repellat non. Ad ex praesentium quaerat omnis ratione voluptate rem quia.'),
(212, 42, 97, '2020-01-01 03:32:05', '2020-01-08 03:32:05', '2019-10-18 06:32:18', 364, 'Nostrum pariatur ut et quod in. Expedita omnis similique nesciunt autem qui. Aperiam neque minus occaecati.'),
(213, 38, 98, '2019-12-11 13:40:27', '2019-12-16 13:40:27', '2020-01-04 18:18:36', 265, 'Qui accusantium inventore exercitationem culpa. Facere eos a praesentium veritatis. Culpa libero dolorum praesentium quisquam. Odit aliquid non consequuntur voluptatibus.'),
(214, 39, 98, '2020-01-22 19:42:12', '2020-01-27 19:42:12', '2019-10-18 22:51:08', 265, 'Saepe dolore nostrum quam nihil consectetur facilis. Voluptatem atque dolorem distinctio beatae beatae esse. Impedit minima deleniti sint.'),
(215, 43, 98, '2020-02-18 12:20:01', '2020-02-23 12:20:01', '2019-12-03 13:40:52', 265, 'Minima nihil voluptatem numquam numquam fugit sapiente. Aut aut officia quas. A eius porro odit odit sit vitae.'),
(216, 36, 98, '2019-11-28 23:35:57', '2019-12-01 23:35:57', '2019-08-28 23:21:01', 159, 'Rem nobis sit reiciendis labore omnis cum earum assumenda. Voluptatem hic aperiam vel libero facilis. Sed est necessitatibus sed voluptas neque dolorem illum qui.'),
(217, 36, 98, '2019-12-22 15:44:50', '2019-12-25 15:44:50', '2020-02-20 01:48:25', 159, 'Excepturi assumenda id minus tempora fuga pariatur voluptate. Veritatis vero odit consequuntur ipsam. Id temporibus reiciendis magni distinctio.'),
(218, 35, 98, '2020-02-15 03:29:34', '2020-02-18 03:29:34', '2020-01-09 06:12:26', 159, 'Voluptatem quia nihil quas illo earum expedita. Ea placeat iusto non. Recusandae dicta molestiae asperiores quia quibusdam.'),
(219, 42, 98, '2020-01-29 00:51:35', '2020-02-01 00:51:35', '2019-11-01 16:35:01', 159, 'Occaecati eos eum sunt. Consequatur ea repellat perspiciatis similique eius. Qui distinctio illo iste consequatur. Dolorem dignissimos amet non possimus ut.'),
(220, 35, 98, '2020-01-15 11:10:12', '2020-01-18 11:10:12', '2019-10-30 22:05:22', 159, 'Qui vel et quis sint facere alias. Veritatis amet sunt reprehenderit rem tenetur itaque sed. Saepe beatae soluta est tempora laborum at. Et nemo sed sed sint sit.'),
(221, 40, 99, '2020-01-06 18:41:07', '2020-01-13 18:41:07', '2019-11-03 03:27:54', 1309, 'Assumenda tempora iure voluptatibus aut eveniet repellat qui quia. Ea sed dolores nam cupiditate vel. Sunt sit quaerat molestiae sunt adipisci provident.'),
(222, 36, 99, '2020-02-25 03:02:22', '2020-02-28 03:02:22', '2019-09-08 16:24:02', 561, 'Voluptatem consequuntur aut non. Laboriosam labore officia ut eligendi. Temporibus natus delectus voluptatem. Vero aut numquam facilis temporibus eligendi totam.'),
(223, 35, 99, '2019-12-20 07:53:44', '2019-12-28 07:53:44', '2019-11-30 01:49:53', 1496, 'Fuga libero sapiente libero iure quasi et. Odit tempore voluptatem sunt voluptatem molestiae. Voluptas natus molestiae rerum qui occaecati. Molestiae doloribus omnis cumque quo quia eos rerum consequatur.'),
(224, 38, 99, '2020-01-28 14:52:54', '2020-02-05 14:52:54', '2019-11-29 02:03:45', 1496, 'Dolores est et nihil ex exercitationem. Voluptas iusto officia et minima. Debitis nobis ut voluptatem. In odio animi recusandae ea itaque error magni. Sequi qui officiis est hic veniam voluptatem quia.'),
(225, 35, 99, '2020-02-16 21:17:23', '2020-02-22 21:17:23', '2020-01-07 18:24:58', 1122, 'Sit quas hic et et qui iure et. Sequi recusandae soluta illo dolores perspiciatis iure.'),
(226, 42, 100, '2020-01-19 07:47:31', '2020-01-26 07:47:31', '2019-12-05 18:13:56', 1155, 'Officia libero molestiae consequuntur. Tenetur dolor sequi est nulla deleniti quis nemo nemo. Animi veritatis ut tempore illo quas asperiores.'),
(227, 42, 100, '2019-11-26 22:55:39', '2019-11-30 22:55:39', '2020-02-25 00:46:45', 660, 'Consequatur beatae esse dignissimos incidunt molestiae sit porro autem. Omnis itaque labore earum dolor enim aut unde. Ipsa et qui sit odio harum asperiores.'),
(228, 36, 101, '2020-02-11 04:53:18', '2020-02-18 04:53:18', '2019-12-27 00:24:13', 854, 'Accusantium est in qui aperiam porro aliquam est. Corrupti vitae quae nam dolorem ipsum. Repudiandae consequuntur ducimus sit quaerat magnam sit laudantium. Ad eos mollitia quia nisi autem voluptas. Omnis consequatur maiores quos ut ut rerum et et.'),
(229, 39, 101, '2020-01-30 13:47:12', '2020-02-07 13:47:12', '2019-09-23 20:38:04', 976, 'Culpa sed sequi unde quas maiores similique. Vel labore cupiditate reiciendis aspernatur. Quia molestias sed voluptatem nesciunt repellat non. Non et minus harum tempore exercitationem totam nesciunt.'),
(230, 40, 101, '2019-12-28 09:27:35', '2020-01-03 09:27:35', '2019-11-05 22:26:13', 732, 'Id nobis architecto et quis et modi. Quae accusamus impedit rerum officiis quia earum. Laboriosam sapiente eligendi aliquam blanditiis animi ratione et. Non unde ratione assumenda ut inventore.'),
(231, 43, 102, '2019-12-14 06:31:31', '2019-12-19 06:31:31', '2019-10-11 04:27:44', 480, 'Eos ipsa id expedita sit placeat rem. In expedita sapiente corporis quia praesentium qui. Dicta magni nemo esse voluptatum tempore ab enim dolorem. Officia sit veritatis sunt fuga ullam qui.'),
(232, 43, 102, '2020-02-07 21:10:56', '2020-02-16 21:10:56', '2020-02-16 15:25:30', 864, 'Repellat amet amet quidem vero recusandae quas. Voluptatem aliquid nulla sit quia commodi vel qui. Molestiae tempore saepe nihil ut. Quaerat fugit voluptatem perferendis et.'),
(233, 39, 103, '2020-02-21 08:56:09', '2020-02-25 08:56:09', '2020-02-09 17:26:08', 664, 'Quibusdam eos omnis quia placeat. Quia officia at earum excepturi rerum.'),
(234, 37, 103, '2020-02-12 18:44:05', '2020-02-16 18:44:05', '2020-02-01 18:25:19', 664, 'A suscipit fugit fuga. Optio reprehenderit voluptatem temporibus rerum voluptas. Aspernatur similique est doloremque omnis. Eius sed vero voluptas pariatur. Exercitationem nulla magnam dolor molestias voluptas.'),
(235, 35, 103, '2020-02-20 20:30:14', '2020-02-23 20:30:14', '2019-09-16 21:22:38', 498, 'Corrupti inventore eum vel nulla quis fuga omnis. Eum placeat impedit nostrum. Voluptatem voluptatem repellat atque temporibus ipsam ea.'),
(236, 40, 103, '2019-12-07 23:02:28', '2019-12-16 23:02:28', '2020-01-15 03:00:44', 1494, 'Officia illum est similique consequatur adipisci illo. Eos aut enim velit fugiat. Ratione explicabo quos error architecto omnis deleniti atque.'),
(237, 44, 104, '2019-12-19 10:29:30', '2019-12-27 10:29:30', '2019-10-24 06:17:55', 648, 'Veritatis et sint sequi et. Dolores aut quaerat cupiditate et laudantium aut delectus. Soluta quo et accusantium aperiam dignissimos.'),
(238, 43, 104, '2019-12-03 12:55:45', '2019-12-06 12:55:45', '2019-09-22 14:43:10', 243, 'Laudantium ut perferendis dolores non. Ad deserunt maxime ex dolores consequatur. Dolores atque vel tempore.'),
(239, 41, 105, '2019-11-28 17:34:57', '2019-12-04 17:34:57', '2019-10-28 01:40:00', 1158, 'Voluptatum aut quae unde unde impedit cum. In eos consequatur quisquam voluptatem. Quidem aut quo voluptate. Sit fugiat sint voluptas nostrum.'),
(240, 36, 105, '2020-01-05 02:15:15', '2020-01-11 02:15:15', '2019-09-21 02:36:25', 1158, 'Enim voluptate modi eum sit omnis. Vel harum quo ipsam deleniti.'),
(241, 36, 106, '2019-11-28 05:08:42', '2019-12-02 05:08:42', '2019-12-25 15:10:28', 240, 'Est nobis architecto quo nulla fuga voluptatum necessitatibus. Eveniet consequatur et nobis ut. Quibusdam et aperiam voluptatem voluptas autem est.'),
(242, 41, 106, '2019-11-30 00:16:03', '2019-12-10 00:16:03', '2019-12-11 13:49:31', 600, 'Maiores ut voluptatem rerum. In beatae deserunt eligendi ab aut ut velit. Est aut similique rem delectus totam aliquid itaque.'),
(243, 41, 106, '2020-02-19 09:20:37', '2020-02-23 09:20:37', '2019-10-22 18:08:21', 240, 'Sit suscipit in aperiam voluptas aut. Ipsam est nostrum id vel omnis temporibus voluptatem.'),
(244, 39, 107, '2020-01-14 06:01:30', '2020-01-17 06:01:30', '2020-01-20 21:50:48', 408, 'Delectus corrupti voluptatem repellendus quis facere praesentium id. Dolores ipsum culpa porro ratione. Sed iusto aspernatur fugit eligendi. Et facilis ut delectus doloremque cupiditate ut quod quam.'),
(245, 44, 107, '2020-02-13 09:48:48', '2020-02-19 09:48:48', '2019-09-23 18:18:38', 816, 'Repellat aliquid atque explicabo eos rerum tenetur provident assumenda. Laboriosam nulla illo aliquam animi labore quidem atque. Dolorem sed nulla ut nesciunt atque non. Iure debitis voluptatem possimus quos non nostrum.'),
(246, 40, 107, '2020-02-21 14:12:04', '2020-02-28 14:12:04', '2019-10-30 20:29:39', 952, 'Repudiandae impedit quis et iste molestias voluptates porro. Soluta itaque et dolores quia autem quidem eveniet. Et quia veritatis quos saepe. Est voluptas repellendus non. Perspiciatis repudiandae eum ipsa voluptatum quam maxime.'),
(247, 43, 107, '2020-02-01 02:46:24', '2020-02-06 02:46:24', '2019-12-18 21:51:14', 680, 'Laborum aut eligendi sed sit. Distinctio non adipisci in maiores error sit voluptas ut. Nisi omnis consequuntur omnis quaerat ducimus. Repellat non provident qui enim.'),
(248, 41, 108, '2019-12-31 10:09:44', '2020-01-10 10:09:44', '2019-12-16 23:09:13', 1410, 'Perferendis ut ut natus esse architecto. Aut qui nulla et impedit ad. Voluptatem ab minima eveniet vel non. Praesentium nulla id cupiditate adipisci.'),
(249, 40, 108, '2020-01-14 10:50:58', '2020-01-17 10:50:58', '2019-11-24 07:41:17', 423, 'Quisquam et vero magnam eum velit similique. Eos amet voluptatibus at voluptas dolor. Repudiandae necessitatibus eos voluptas.'),
(250, 41, 108, '2019-12-22 20:52:24', '2019-12-26 20:52:24', '2019-09-20 03:10:59', 564, 'Et facere sunt distinctio necessitatibus eos quia voluptas mollitia. Enim blanditiis tenetur consectetur nulla et quam. Facilis eum veniam quam.'),
(251, 43, 108, '2019-12-21 22:52:12', '2019-12-29 22:52:12', '2019-09-13 19:34:01', 1128, 'Nesciunt enim maxime rem ullam voluptates. Odit autem quos deleniti qui quo quod nobis. Sunt fuga nulla assumenda mollitia omnis quo est deleniti.'),
(252, 39, 108, '2020-01-26 01:33:21', '2020-01-31 01:33:21', '2019-11-18 13:53:56', 705, 'Maiores quibusdam dolor sint eius et inventore aliquam. Soluta odit minima earum sunt. Quae aut labore repellendus dignissimos adipisci doloribus.'),
(253, 37, 109, '2020-02-17 23:26:54', '2020-02-24 23:26:54', '2020-01-22 08:32:39', 637, 'Dolor autem quis laboriosam. Aut ullam quia iste corrupti in eligendi. Quia est velit enim aut ad.'),
(254, 42, 110, '2020-02-14 18:38:21', '2020-02-18 18:38:21', '2019-11-20 20:16:49', 368, 'Voluptatem in voluptas ut libero adipisci necessitatibus. Molestias earum dolorem ullam aut rerum. Minima quasi corporis ab optio quia sit sequi. Omnis adipisci maiores eius.'),
(255, 38, 110, '2020-01-15 02:29:58', '2020-01-20 02:29:58', '2019-09-19 02:37:29', 460, 'Aut enim vero quibusdam amet voluptatem distinctio. Autem illum odio et. Voluptatum a ab nulla fugit laborum in. Doloremque veniam porro temporibus sed dolores odio.'),
(256, 36, 110, '2020-01-04 12:47:37', '2020-01-09 12:47:37', '2020-02-13 14:50:50', 460, 'In adipisci aliquid non necessitatibus est. Nemo eveniet in aliquid. Cupiditate esse accusantium deserunt voluptate incidunt praesentium quidem. Ipsa omnis voluptas ut similique doloribus. In fuga necessitatibus necessitatibus consequuntur enim ratione necessitatibus.'),
(257, 37, 110, '2020-02-18 00:20:55', '2020-02-24 00:20:55', '2019-10-04 13:47:38', 552, 'Ipsum perspiciatis consectetur possimus consequatur sequi voluptatem excepturi. Iste facere rem corrupti eos totam voluptatem omnis rerum. Enim illo omnis eligendi distinctio ut omnis. Id provident incidunt inventore porro illo.'),
(258, 40, 110, '2019-12-30 05:17:15', '2020-01-02 05:17:15', '2019-09-28 18:38:51', 276, 'Voluptatem nisi pariatur maiores enim quia laborum. A explicabo et occaecati aperiam reiciendis deleniti. Deserunt esse eaque reprehenderit doloribus sint error nam. Aliquam repellat repellat laborum facilis impedit et quod.'),
(259, 44, 111, '2019-12-29 13:30:13', '2020-01-04 13:30:13', '2019-11-16 05:14:24', 558, 'Nisi tempora est eos aut ipsa eligendi eum. Recusandae voluptas ut aliquam non qui veritatis alias. Debitis tenetur itaque dicta sit. Fuga minus officiis esse qui nihil.'),
(260, 37, 111, '2020-02-08 09:38:20', '2020-02-12 09:38:20', '2019-10-31 16:29:06', 372, 'Dolorem incidunt delectus natus omnis consectetur repellat. Qui et placeat rerum dolores id sed aspernatur voluptate. Fuga fugit quia veniam mollitia magni animi quod. Sed minus iure in qui ut.'),
(261, 35, 111, '2020-02-23 16:57:33', '2020-03-01 16:57:33', '2019-11-21 22:10:10', 651, 'Repellendus qui eos consequatur debitis. Dolores sit eos omnis similique nemo voluptatem ut. Aliquid enim incidunt omnis unde eos nemo et.'),
(262, 36, 112, '2019-11-29 23:54:15', '2019-12-02 23:54:15', '2019-12-30 17:43:50', 372, 'Repellendus suscipit corporis unde qui. Nisi quia id incidunt et inventore libero numquam. Unde temporibus labore qui quod dicta et. Nostrum eum et nobis aut et. Sed sed distinctio cumque similique ipsam.'),
(263, 39, 113, '2019-12-10 16:06:11', '2019-12-14 16:06:11', '2019-12-23 01:38:29', 440, 'Ducimus repudiandae autem laborum inventore repellendus. Reiciendis fuga voluptas aut explicabo. Repudiandae optio hic aliquid quia. Ex repudiandae ut aliquam voluptas rerum.'),
(264, 35, 113, '2020-01-02 07:13:38', '2020-01-06 07:13:38', '2020-01-15 22:23:31', 440, 'Veritatis quis similique veniam voluptatibus expedita. Sapiente inventore hic eos omnis quas quisquam est. Voluptatem facere ad itaque ab autem ut odio. Quibusdam voluptate voluptatem consectetur quibusdam expedita. Hic repudiandae eligendi et.'),
(265, 42, 113, '2020-02-09 22:07:53', '2020-02-19 22:07:53', '2019-08-28 18:05:34', 1100, 'Totam quia dolorem incidunt dolor cum eum quae nihil. Est quo eos ipsam atque aut earum. In debitis laudantium ipsam dolor quia assumenda dicta. Quam consequatur similique amet iusto deleniti.'),
(266, 41, 113, '2019-12-05 03:12:52', '2019-12-08 03:12:52', '2020-01-10 14:00:58', 330, 'Necessitatibus corporis accusantium exercitationem quis. Sunt animi in dolor repudiandae voluptatem. Asperiores culpa rerum minima eos. Fugiat repellendus harum explicabo ullam cum.'),
(267, 38, 114, '2019-12-13 20:51:52', '2019-12-19 20:51:52', '2019-11-18 09:10:23', 780, 'Autem exercitationem vero dignissimos laborum facere molestiae quibusdam aut. Maxime sunt velit quasi fugiat similique officia. Amet totam accusantium non beatae et nisi eligendi.'),
(268, 41, 115, '2020-01-06 19:44:35', '2020-01-12 19:44:35', '2020-02-24 07:13:38', 864, 'Non hic veniam et rerum omnis. Expedita ipsa consequatur aut ullam et aut et enim. Aliquam nihil consequatur asperiores magnam magni velit eos.'),
(269, 40, 115, '2020-02-13 01:45:03', '2020-02-20 01:45:03', '2020-02-17 05:30:44', 1008, 'Est maiores voluptatem exercitationem quos ut. Non qui sit quia maxime rerum molestiae accusantium sit. Eum vitae expedita provident sint laborum veniam. Impedit ea ut perspiciatis sit laudantium nostrum dolore ipsam.'),
(270, 35, 115, '2020-02-15 21:13:16', '2020-02-22 21:13:16', '2019-09-18 11:09:04', 1008, 'Et harum excepturi aut rerum voluptas. Est qui minus repellendus veritatis sapiente est numquam. Dolores aut et vitae. Impedit dolorem voluptates et voluptatem libero placeat eos.'),
(271, 42, 116, '2020-02-14 23:48:17', '2020-02-23 23:48:17', '2020-02-02 13:19:53', 1485, 'Laborum enim impedit eveniet dolor quos. Nostrum eius ut earum officiis sit. Dolor debitis et quo vitae sed molestiae. Eos et dolorum incidunt laudantium.'),
(272, 35, 117, '2020-02-22 14:59:41', '2020-02-29 14:59:41', '2019-10-02 03:28:05', 770, 'Iste voluptas dolore eligendi. Recusandae accusamus quo voluptatem mollitia. Eveniet dicta explicabo blanditiis tempore omnis consequuntur. Laboriosam possimus magni id sequi vel rerum.'),
(273, 36, 117, '2020-01-16 20:01:27', '2020-01-19 20:01:27', '2020-02-18 06:28:37', 330, 'Ut necessitatibus illo voluptatibus voluptate recusandae et. Sed asperiores non magni debitis. Perferendis dolor sed deserunt eos sit nesciunt.'),
(274, 41, 117, '2020-02-25 16:18:28', '2020-03-03 16:18:28', '2019-08-30 04:39:03', 770, 'Illum minima quis dicta quis quos et eos blanditiis. Provident magni neque ab et molestiae consequuntur laborum. Eligendi omnis aliquid adipisci eos officiis officiis. Similique iste qui voluptas quod reiciendis provident id.'),
(275, 39, 117, '2020-02-26 03:07:45', '2020-03-04 03:07:45', '2019-12-09 01:33:54', 770, 'Dolores harum enim voluptatum nulla laudantium cupiditate. Nisi rem id ipsum eum ipsum. Recusandae et veniam quo ea beatae. Quis explicabo harum quos tenetur mollitia voluptas culpa non.'),
(276, 42, 118, '2020-01-21 22:39:41', '2020-01-28 22:39:41', '2020-01-12 17:56:38', 910, 'Voluptatem et harum sit adipisci quod rerum. Debitis quaerat aliquam omnis quod. Molestias suscipit assumenda error fuga.'),
(277, 40, 118, '2019-12-02 06:49:05', '2019-12-07 06:49:05', '2019-09-26 03:38:57', 650, 'Numquam cupiditate est vel nostrum tempora alias in fugiat. Temporibus consequatur molestias adipisci ut repellendus. Doloremque qui eos deleniti qui dicta optio.'),
(278, 39, 118, '2020-02-24 16:21:11', '2020-02-27 16:21:11', '2019-12-19 01:58:06', 390, 'Labore sunt laborum nam est doloremque ea. Consectetur facere dicta distinctio quisquam sint tempora laboriosam. Qui odio dolores eligendi adipisci ad.'),
(279, 44, 119, '2019-12-17 06:15:53', '2019-12-25 06:15:53', '2019-09-08 14:09:29', 672, 'Fuga suscipit est qui provident deleniti quidem sint. Repellendus et modi explicabo perspiciatis voluptatibus dignissimos. Ratione aliquam non repellendus expedita quam facilis.'),
(280, 43, 119, '2020-01-01 09:05:19', '2020-01-04 09:05:19', '2019-12-09 03:34:08', 252, 'Qui et numquam eos corporis. Sequi sint nemo aut autem similique et. Accusamus qui consequuntur labore molestiae id.'),
(281, 36, 119, '2020-01-19 16:14:12', '2020-01-29 16:14:12', '2019-11-24 03:47:59', 840, 'Id non sit mollitia. Laudantium qui a ut maxime nesciunt dolor. Ipsam quo omnis numquam.'),
(282, 35, 119, '2020-01-10 09:35:25', '2020-01-13 09:35:25', '2020-02-21 11:41:55', 252, 'Adipisci et nihil non ea pariatur est. Adipisci explicabo similique perspiciatis suscipit similique provident soluta. Praesentium provident quo voluptas repellendus aut et recusandae.'),
(283, 39, 120, '2020-01-19 10:46:29', '2020-01-29 10:46:29', '2020-02-09 23:47:35', 1240, 'Voluptatem consectetur consequuntur illo et dolorem sit cumque. Odit voluptatem cum eius id. Ullam eius vero at sint et modi quia pariatur.'),
(284, 38, 120, '2020-02-17 17:05:33', '2020-02-25 17:05:33', '2019-12-29 21:48:52', 992, 'Debitis qui molestiae at doloribus. Et assumenda et error. Ut quisquam distinctio asperiores sint modi consectetur iusto.'),
(285, 44, 120, '2020-01-18 13:35:15', '2020-01-22 13:35:15', '2019-10-12 19:36:14', 496, 'Sunt ut illo aliquam aperiam tempore fugit. Odit dicta cupiditate sint aperiam. Id voluptatem nihil et ut accusamus quos ratione velit.'),
(286, 34, 93, '2020-02-10 16:03:54', '2020-02-12 16:03:54', '2020-02-26 16:03:54', 369, NULL),
(287, 34, 91, '2020-03-08 18:45:07', '2020-03-10 18:45:07', '2020-02-26 18:45:08', 374, 'J\'arrive vers 20h');

-- --------------------------------------------------------

--
-- Structure de la table `comment`
--

DROP TABLE IF EXISTS `comment`;
CREATE TABLE IF NOT EXISTS `comment` (
  `id` int(11) NOT NULL AUTO_INCREMENT,
  `ad_id` int(11) NOT NULL,
  `author_id` int(11) NOT NULL,
  `create_at` datetime NOT NULL,
  `rating` int(11) NOT NULL,
  `content` longtext COLLATE utf8mb4_unicode_ci NOT NULL,
  PRIMARY KEY (`id`),
  KEY `IDX_9474526C4F34D596` (`ad_id`),
  KEY `IDX_9474526CF675F31B` (`author_id`)
) ENGINE=InnoDB AUTO_INCREMENT=55 DEFAULT CHARSET=utf8mb4 COLLATE=utf8mb4_unicode_ci;

--
-- Déchargement des données de la table `comment`
--

INSERT INTO `comment` (`id`, `ad_id`, `author_id`, `create_at`, `rating`, `content`) VALUES
(1, 91, 42, '2020-02-26 13:52:51', 2, 'Praesentium quis debitis voluptates eos sint. Sit possimus deserunt expedita recusandae. Placeat quia sit nemo perferendis nisi consectetur illum.'),
(2, 91, 40, '2020-02-26 13:52:51', 2, 'Sint culpa aut et voluptate ipsa incidunt qui. Quia repellat dolorem aliquam. Quia nesciunt voluptas est soluta quo.'),
(3, 92, 36, '2020-02-26 13:52:51', 3, 'Mollitia delectus accusantium sed ea voluptatem dolorem quisquam. Ducimus quos voluptas error.'),
(4, 92, 40, '2020-02-26 13:52:51', 5, 'Laborum quia voluptatem voluptas ea totam. Vel dolorem enim voluptate omnis ex accusantium. Id reiciendis repudiandae est tempore. Ratione sunt et vitae architecto qui odit.'),
(5, 92, 39, '2020-02-26 13:52:51', 2, 'Modi rerum neque autem qui cum assumenda minus. Totam est dolorem nemo pariatur. Qui quia facilis doloremque sit distinctio illum ea. Nobis tenetur distinctio quas iste et magnam sint.'),
(6, 92, 35, '2020-02-26 13:52:51', 2, 'Eum distinctio quia reprehenderit sequi facere quis porro. Excepturi quos et vel architecto autem eveniet magnam architecto. Repellat ducimus ex cupiditate placeat consequatur.'),
(7, 93, 41, '2020-02-26 13:52:51', 4, 'Doloremque est molestiae eligendi est qui odio. Laborum omnis qui omnis perspiciatis. Laboriosam sapiente dolores quam totam assumenda. Consequuntur perferendis officiis occaecati aut maxime accusamus.'),
(8, 93, 38, '2020-02-26 13:52:51', 3, 'Quo quia ut sit accusamus ut sed. Dolor perferendis sit velit consequatur esse sed quidem. Veniam impedit dolorum corporis facere placeat enim quidem. Natus laborum officia enim molestiae sint voluptas iure.'),
(9, 94, 36, '2020-02-26 13:52:51', 4, 'Dolor voluptas deleniti eligendi mollitia. Pariatur molestiae sit corrupti animi nihil in qui. Enim eum perferendis vero enim ipsam qui. Facere velit voluptate qui expedita id.'),
(10, 94, 36, '2020-02-26 13:52:51', 2, 'Ut aut est corrupti et earum. Totam illo aut illo quo quia.'),
(11, 94, 36, '2020-02-26 13:52:51', 2, 'Occaecati laboriosam omnis enim architecto debitis sunt. Modi sapiente soluta blanditiis. Rem quae molestiae impedit nisi et amet.'),
(12, 95, 36, '2020-02-26 13:52:51', 3, 'Doloribus sunt esse modi doloribus qui quae sint. Fuga quo magnam amet nemo autem incidunt debitis. Sit distinctio aspernatur et. Ut consequatur ut fuga inventore officia id repellendus. Rerum fugiat ea id ipsa et laudantium provident.'),
(13, 96, 44, '2020-02-26 13:52:51', 5, 'Quo provident vel quo sapiente non possimus. Asperiores saepe qui nihil molestias.'),
(14, 96, 38, '2020-02-26 13:52:51', 2, 'Itaque voluptas numquam maiores totam nesciunt quod. Suscipit quisquam voluptas quia est. Enim amet placeat accusantium aperiam.'),
(15, 97, 42, '2020-02-26 13:52:51', 2, 'Aperiam soluta sint quasi voluptatem sequi. Quae molestiae nobis ab ea assumenda earum quam. Autem quo reiciendis minus autem.'),
(16, 97, 38, '2020-02-26 13:52:51', 1, 'Atque eveniet sit adipisci qui inventore. Quo magnam fugit rem enim ad voluptatem laudantium. Accusamus ullam numquam ex fugiat quasi. Autem modi unde cum.'),
(17, 97, 43, '2020-02-26 13:52:51', 5, 'Earum ea veniam perferendis animi nulla. Et ipsam qui accusamus blanditiis nam iure quia. Qui omnis qui rerum maiores. Consequatur ut recusandae doloremque repudiandae.'),
(18, 97, 42, '2020-02-26 13:52:51', 1, 'Sunt recusandae velit dolores eum quasi. Iste ad velit maxime et veniam praesentium.'),
(19, 98, 39, '2020-02-26 13:52:51', 5, 'Omnis itaque voluptatem soluta id et aut incidunt. Ad quae consectetur hic omnis et sint.'),
(20, 98, 35, '2020-02-26 13:52:51', 1, 'Ipsa voluptatibus provident suscipit. Et maiores eum ea dolorem reiciendis ut expedita. Dolor fugit minima reprehenderit quia. Velit tempore et voluptate assumenda aut aut.'),
(21, 98, 42, '2020-02-26 13:52:51', 4, 'Quo praesentium aut aspernatur et nihil. Aliquam et repellat assumenda facilis aperiam. Nemo voluptas deserunt et voluptatem eos adipisci ipsa.'),
(22, 98, 35, '2020-02-26 13:52:51', 1, 'Temporibus qui nisi cum sint sed eligendi eaque. Dolor ex iste laborum odio. Ut asperiores non rerum harum.'),
(23, 99, 35, '2020-02-26 13:52:51', 3, 'Culpa dolores excepturi omnis. Sint repudiandae distinctio quo atque tempore. Quis sit est accusamus sint harum.'),
(24, 100, 42, '2020-02-26 13:52:51', 4, 'Officiis dolore sed aut dolore vero totam repellendus dolore. Molestias enim consequatur doloribus facilis occaecati atque voluptatem. Vel laboriosam sint omnis cumque voluptates aperiam.'),
(25, 101, 39, '2020-02-26 13:52:51', 4, 'Sed non quia repellendus deleniti eligendi. Soluta voluptas cumque veniam excepturi consequuntur ipsa natus est. Perspiciatis et quo sed. Et officia iusto vel fuga.'),
(26, 102, 43, '2020-02-26 13:52:51', 1, 'Eius alias dolores doloremque voluptatem. Qui consequatur laborum et impedit. Quod voluptas doloremque qui qui. Sequi omnis recusandae enim nam nesciunt voluptas nihil.'),
(27, 103, 39, '2020-02-26 13:52:51', 5, 'Est sint sit quo. Voluptatem reiciendis et esse laboriosam doloremque itaque omnis. Quasi nobis explicabo deleniti ipsum. Aperiam quis cumque animi et sunt reiciendis nihil.'),
(28, 103, 35, '2020-02-26 13:52:51', 2, 'Reiciendis a impedit ea illo perferendis asperiores ad placeat. Vero voluptas reiciendis hic labore nulla eligendi est cumque. Laborum sunt est aliquam repellat deserunt. Reprehenderit facilis rerum quae consectetur fugiat.'),
(29, 103, 40, '2020-02-26 13:52:51', 3, 'Et optio id eum. Ut quas iste vero asperiores placeat ducimus qui.'),
(30, 104, 44, '2020-02-26 13:52:51', 5, 'Soluta delectus omnis facilis ea ex illum aut. Non accusamus commodi voluptatem quisquam fugiat. Quo officia totam vitae totam enim voluptates voluptatem quisquam. Et eligendi sit dolorem ut.'),
(31, 105, 41, '2020-02-26 13:52:51', 3, 'Nihil iste eligendi animi in. Ab ex officia eos labore non. Distinctio iure tenetur consequuntur odio tempore. Vero debitis aut est adipisci et tempore.'),
(32, 107, 39, '2020-02-26 13:52:51', 1, 'Commodi eius quo aut. Et voluptas at omnis dolores sunt officiis dolor. Repudiandae est repellendus id recusandae minima laboriosam sit inventore.'),
(33, 107, 44, '2020-02-26 13:52:51', 5, 'Consequatur dicta porro tenetur est laudantium. Eligendi neque qui ut ea sit qui aut. Necessitatibus expedita animi quis mollitia. Natus ea reiciendis odit delectus perspiciatis.'),
(34, 107, 40, '2020-02-26 13:52:51', 2, 'Quis consequatur aut expedita tempora soluta. Sed voluptatum possimus eligendi ut odit voluptas nostrum. Eaque qui est odit laboriosam nihil. Error numquam doloremque illum sint quasi.'),
(35, 107, 43, '2020-02-26 13:52:51', 4, 'Quidem quos illo exercitationem qui non qui. Velit ipsam et omnis assumenda nihil. Iusto assumenda quaerat dolor beatae nisi accusantium.'),
(36, 108, 41, '2020-02-26 13:52:51', 2, 'Voluptatem voluptatem est laborum consequatur alias tenetur praesentium quaerat. Ipsum velit distinctio sapiente totam corporis. Officiis et delectus rerum est quis.'),
(37, 108, 40, '2020-02-26 13:52:51', 4, 'Necessitatibus officia dolorum explicabo provident. A quod tempore perferendis et. Ipsam aut optio eveniet dolor odio.'),
(38, 108, 43, '2020-02-26 13:52:51', 1, 'Et repellendus enim commodi excepturi voluptas minima. Iste dolorem voluptatum et aut. Vitae quia adipisci soluta culpa quasi.'),
(39, 108, 39, '2020-02-26 13:52:51', 3, 'Doloremque consequatur voluptatem accusamus. Qui laudantium omnis amet dicta vel. Dolore ut in aliquam asperiores et.'),
(40, 110, 36, '2020-02-26 13:52:51', 3, 'Laudantium molestias sit possimus omnis. Totam quidem culpa sit blanditiis est qui odit. Perspiciatis maxime omnis sapiente quisquam quo numquam.'),
(41, 110, 37, '2020-02-26 13:52:51', 1, 'Voluptas ea esse omnis id id. Est quibusdam laborum aut eligendi odit qui veritatis. Est ratione nobis ea eum ea nostrum corporis. Quae odio aut enim tempore.'),
(42, 111, 37, '2020-02-26 13:52:51', 3, 'Perspiciatis perferendis est provident error molestias est et. Minima saepe ex quisquam nisi ducimus aut. Rerum eveniet est assumenda impedit amet magnam occaecati non. Id sit eos aut.'),
(43, 112, 36, '2020-02-26 13:52:51', 2, 'Vero itaque rem provident aspernatur occaecati. Et ullam aliquid quas rem saepe voluptatibus exercitationem laudantium. Error asperiores et ipsum qui eos sunt id sed. Molestias veritatis blanditiis eum cupiditate ullam earum.'),
(44, 113, 39, '2020-02-26 13:52:51', 4, 'Ea dolores quis corporis maxime beatae nihil est. Eligendi quam dolorum officiis dolorem blanditiis. Sint perspiciatis atque blanditiis iure. Libero molestias molestiae quae.'),
(45, 113, 35, '2020-02-26 13:52:51', 3, 'Dicta asperiores commodi sed ut deleniti eum. Repudiandae accusamus dolores dolor. Omnis dolorem et labore rerum inventore maxime omnis sed.'),
(46, 113, 41, '2020-02-26 13:52:51', 5, 'Quidem nemo illo vel voluptatibus consequuntur. Necessitatibus atque nihil laudantium modi. Quasi maxime facilis et.'),
(47, 115, 41, '2020-02-26 13:52:51', 5, 'Hic nostrum facere et sint. Neque pariatur assumenda eveniet mollitia. Vel blanditiis aliquam expedita ea dolores est. Atque ab iusto qui dignissimos libero aperiam.'),
(48, 117, 39, '2020-02-26 13:52:51', 4, 'Sed vel aperiam eius vel et nam. Dignissimos in nobis iusto illo non quia. Aliquam praesentium molestiae voluptas minima unde et eos quod.'),
(49, 118, 42, '2020-02-26 13:52:51', 4, 'Quae libero soluta excepturi quae ea. Vitae nulla aut aut distinctio. Aspernatur et nam pariatur provident doloremque praesentium reiciendis.'),
(50, 119, 36, '2020-02-26 13:52:51', 1, 'In non ut unde est aperiam ut nam. Sequi cum quis ratione excepturi dignissimos qui et. Qui modi culpa omnis sit et odit.'),
(51, 120, 38, '2020-02-26 13:52:51', 4, 'Non alias aut ut adipisci. Quia quo quasi non in placeat rerum. Doloribus ea enim quisquam beatae. Nisi eveniet neque officia nihil animi consectetur.'),
(52, 120, 44, '2020-02-26 13:52:51', 4, 'Delectus similique nesciunt laboriosam culpa. Qui sapiente ut unde veritatis cumque deleniti. Reiciendis soluta rerum facere in.'),
(54, 93, 34, '2020-02-26 17:02:39', 3, 'C\'était pas mal');

-- --------------------------------------------------------

--
-- Structure de la table `image`
--

DROP TABLE IF EXISTS `image`;
CREATE TABLE IF NOT EXISTS `image` (
  `id` int(11) NOT NULL AUTO_INCREMENT,
  `ad_id` int(11) NOT NULL,
  `url` varchar(255) COLLATE utf8mb4_unicode_ci NOT NULL,
  `caption` varchar(255) COLLATE utf8mb4_unicode_ci NOT NULL,
  PRIMARY KEY (`id`),
  KEY `IDX_C53D045F4F34D596` (`ad_id`)
) ENGINE=InnoDB AUTO_INCREMENT=390 DEFAULT CHARSET=utf8mb4 COLLATE=utf8mb4_unicode_ci;

--
-- Déchargement des données de la table `image`
--

INSERT INTO `image` (`id`, `ad_id`, `url`, `caption`) VALUES
(291, 91, 'https://lorempixel.com/640/480/?21055', 'Consequatur omnis quos animi et.'),
(292, 91, 'https://lorempixel.com/640/480/?65391', 'Aspernatur sint nemo quo similique sit officiis illum.'),
(293, 91, 'https://lorempixel.com/640/480/?30818', 'Possimus quasi facilis esse nam nobis.'),
(294, 92, 'https://lorempixel.com/640/480/?29684', 'Ea aperiam molestiae ut quaerat a.'),
(295, 92, 'https://lorempixel.com/640/480/?52432', 'Reprehenderit quasi repellendus eius modi vel.'),
(296, 92, 'https://lorempixel.com/640/480/?70643', 'Repudiandae soluta iste a accusantium.'),
(297, 92, 'https://lorempixel.com/640/480/?38360', 'Aliquid dolor ipsam ut similique dicta quos nisi sunt.'),
(298, 93, 'https://lorempixel.com/640/480/?72088', 'Quas ut provident cupiditate voluptatem iusto possimus.'),
(299, 93, 'https://lorempixel.com/640/480/?86059', 'Maiores reprehenderit sed quo commodi sint aut debitis quia.'),
(300, 93, 'https://lorempixel.com/640/480/?71851', 'Distinctio quo commodi a maiores eos sequi dolorem.'),
(301, 93, 'https://lorempixel.com/640/480/?67557', 'Sint delectus earum a odio est consequatur.'),
(302, 94, 'https://lorempixel.com/640/480/?85966', 'Ut quas repellat iusto illum error.'),
(303, 94, 'https://lorempixel.com/640/480/?87731', 'Vel facilis sed qui fuga temporibus dolorem qui.'),
(304, 94, 'https://lorempixel.com/640/480/?23505', 'Ex ratione aperiam atque ab beatae sit voluptatum.'),
(305, 95, 'https://lorempixel.com/640/480/?84987', 'Commodi delectus consectetur quasi aut quo.'),
(306, 95, 'https://lorempixel.com/640/480/?32288', 'Voluptatem accusamus nesciunt mollitia veniam consequatur.'),
(307, 95, 'https://lorempixel.com/640/480/?23761', 'Explicabo architecto eligendi laudantium autem ut.'),
(308, 96, 'https://lorempixel.com/640/480/?92756', 'Voluptates laudantium laborum voluptates earum.'),
(309, 96, 'https://lorempixel.com/640/480/?75613', 'Temporibus sit voluptatum quas laudantium consequatur.'),
(310, 97, 'https://lorempixel.com/640/480/?49745', 'Quasi odit consectetur aut fugiat doloribus et.'),
(311, 97, 'https://lorempixel.com/640/480/?38575', 'Natus blanditiis dolores et quaerat.'),
(312, 97, 'https://lorempixel.com/640/480/?54123', 'Ducimus qui quod nihil quia veniam ad.'),
(313, 98, 'https://lorempixel.com/640/480/?97649', 'Et quaerat eaque exercitationem vel recusandae.'),
(314, 98, 'https://lorempixel.com/640/480/?20191', 'Est provident aperiam reprehenderit et magni eum voluptatibus.'),
(315, 98, 'https://lorempixel.com/640/480/?13044', 'Quo quam sint debitis laborum officiis.'),
(316, 99, 'https://lorempixel.com/640/480/?99084', 'Vel voluptas corrupti saepe sunt.'),
(317, 99, 'https://lorempixel.com/640/480/?86628', 'Libero pariatur alias exercitationem aperiam voluptatem eius.'),
(318, 100, 'https://lorempixel.com/640/480/?29471', 'Consequuntur aut sunt quidem nostrum ipsum beatae.'),
(319, 100, 'https://lorempixel.com/640/480/?53798', 'Qui eum corrupti quam aspernatur vitae qui porro.'),
(320, 100, 'https://lorempixel.com/640/480/?53384', 'Eius rem culpa voluptates.'),
(321, 101, 'https://lorempixel.com/640/480/?33012', 'Ad nobis ullam qui error pariatur ut non.'),
(322, 101, 'https://lorempixel.com/640/480/?15684', 'Dolore eius velit voluptatem sit nulla recusandae.'),
(323, 101, 'https://lorempixel.com/640/480/?23828', 'Et ad ducimus libero magnam omnis ut.'),
(324, 101, 'https://lorempixel.com/640/480/?37378', 'Similique porro fuga aut adipisci non quos.'),
(325, 101, 'https://lorempixel.com/640/480/?42129', 'Molestiae vel velit sunt quia dolor velit ab.'),
(326, 102, 'https://lorempixel.com/640/480/?82826', 'Sit repellendus totam ut ut deleniti numquam.'),
(327, 102, 'https://lorempixel.com/640/480/?80697', 'Sed corporis sed et ex quaerat voluptatem.'),
(328, 102, 'https://lorempixel.com/640/480/?78268', 'Adipisci consectetur quia in ex vero.'),
(329, 102, 'https://lorempixel.com/640/480/?90404', 'Sequi praesentium minus unde optio ut pariatur recusandae consequatur.'),
(330, 103, 'https://lorempixel.com/640/480/?98881', 'Dolorem id ea impedit animi.'),
(331, 103, 'https://lorempixel.com/640/480/?39497', 'Officiis eum in magni dolores tenetur assumenda corrupti quia.'),
(332, 103, 'https://lorempixel.com/640/480/?51151', 'Eum modi perferendis nihil impedit facere ea.'),
(333, 104, 'https://lorempixel.com/640/480/?18662', 'Tempore qui maxime sint non nobis voluptatem.'),
(334, 104, 'https://lorempixel.com/640/480/?40622', 'Voluptatum minus aspernatur et aut a.'),
(335, 104, 'https://lorempixel.com/640/480/?51770', 'Excepturi autem et ex et.'),
(336, 105, 'https://lorempixel.com/640/480/?48083', 'Commodi minus cum non consequatur aut.'),
(337, 105, 'https://lorempixel.com/640/480/?69555', 'Molestiae sunt sit doloribus quia sint perferendis.'),
(338, 106, 'https://lorempixel.com/640/480/?13330', 'Enim saepe laudantium quibusdam magnam et enim.'),
(339, 106, 'https://lorempixel.com/640/480/?23964', 'Voluptate sit ducimus est consectetur voluptatum debitis.'),
(340, 106, 'https://lorempixel.com/640/480/?27358', 'Dolores eos delectus et tempore.'),
(341, 106, 'https://lorempixel.com/640/480/?15693', 'In illo sit consequatur atque.'),
(342, 107, 'https://lorempixel.com/640/480/?32139', 'Fugit voluptatibus error placeat in dolorum voluptatibus dolorum.'),
(343, 107, 'https://lorempixel.com/640/480/?22848', 'Libero maxime necessitatibus necessitatibus.'),
(344, 107, 'https://lorempixel.com/640/480/?56061', 'Eligendi adipisci in sed voluptatem.'),
(345, 108, 'https://lorempixel.com/640/480/?44778', 'Adipisci qui ut qui est molestiae adipisci tenetur natus.'),
(346, 108, 'https://lorempixel.com/640/480/?63544', 'Repellendus maiores aut autem earum similique.'),
(347, 108, 'https://lorempixel.com/640/480/?11535', 'Itaque expedita ut fugiat.'),
(348, 109, 'https://lorempixel.com/640/480/?28124', 'Temporibus dolor ut est autem omnis.'),
(349, 109, 'https://lorempixel.com/640/480/?89017', 'Aut ut sequi est ut officia rerum neque.'),
(350, 109, 'https://lorempixel.com/640/480/?87640', 'Et voluptates temporibus ex ex nam autem minus eligendi.'),
(351, 110, 'https://lorempixel.com/640/480/?32153', 'Voluptas adipisci nemo aut quisquam minus.'),
(352, 110, 'https://lorempixel.com/640/480/?54171', 'Aliquam autem at in dignissimos praesentium consequatur officia cupiditate.'),
(353, 110, 'https://lorempixel.com/640/480/?34234', 'Sed consequatur quia adipisci perspiciatis quibusdam qui rerum.'),
(354, 110, 'https://lorempixel.com/640/480/?11246', 'Dolores dolores perferendis ratione eum doloribus voluptas.'),
(355, 111, 'https://lorempixel.com/640/480/?61368', 'Dolorem quos tempore magni.'),
(356, 111, 'https://lorempixel.com/640/480/?17074', 'Aut et occaecati deserunt aut est.'),
(357, 111, 'https://lorempixel.com/640/480/?74764', 'Voluptatem quidem recusandae laborum culpa.'),
(358, 112, 'https://lorempixel.com/640/480/?12373', 'Id quod aut autem ipsam fuga quidem ullam enim.'),
(359, 112, 'https://lorempixel.com/640/480/?47516', 'Praesentium id ut similique adipisci saepe qui fuga.'),
(360, 112, 'https://lorempixel.com/640/480/?93998', 'Cum nostrum ipsum illo dicta quaerat neque qui est.'),
(361, 113, 'https://lorempixel.com/640/480/?92215', 'Dolores qui modi error aut eos hic.'),
(362, 113, 'https://lorempixel.com/640/480/?18721', 'Ut impedit non culpa et blanditiis.'),
(363, 113, 'https://lorempixel.com/640/480/?53605', 'Eum voluptatem qui atque animi vero aliquam.'),
(364, 113, 'https://lorempixel.com/640/480/?39435', 'Porro enim est dolor.'),
(365, 114, 'https://lorempixel.com/640/480/?27317', 'Recusandae architecto aut amet veritatis aperiam exercitationem excepturi.'),
(366, 114, 'https://lorempixel.com/640/480/?51096', 'Sed laboriosam quia est et excepturi.'),
(367, 114, 'https://lorempixel.com/640/480/?16373', 'Est velit sunt sed aliquam aut.'),
(368, 114, 'https://lorempixel.com/640/480/?28113', 'Voluptatibus eaque et qui eaque ipsam voluptates iste placeat.'),
(369, 115, 'https://lorempixel.com/640/480/?19281', 'Ut molestias minima eligendi aliquam est nostrum similique quis.'),
(370, 115, 'https://lorempixel.com/640/480/?82201', 'Autem dolore consequuntur unde sequi molestiae.'),
(371, 115, 'https://lorempixel.com/640/480/?17435', 'Explicabo dignissimos cum deserunt ea qui.'),
(372, 115, 'https://lorempixel.com/640/480/?76820', 'Ullam sed quo exercitationem voluptate placeat aut suscipit.'),
(373, 115, 'https://lorempixel.com/640/480/?99913', 'Sed et ipsa voluptatem esse ducimus nobis.'),
(374, 116, 'https://lorempixel.com/640/480/?34535', 'Eos aut beatae quae cumque.'),
(375, 116, 'https://lorempixel.com/640/480/?30981', 'Est veniam in consequatur sit qui ducimus.'),
(376, 117, 'https://lorempixel.com/640/480/?11292', 'Eveniet eos error sunt harum id architecto.'),
(377, 117, 'https://lorempixel.com/640/480/?68594', 'Nemo dicta enim nesciunt nihil sunt.'),
(378, 117, 'https://lorempixel.com/640/480/?82128', 'Assumenda et maxime et ea facere repellendus rerum.'),
(379, 117, 'https://lorempixel.com/640/480/?15801', 'Fuga corporis quaerat itaque.'),
(380, 118, 'https://lorempixel.com/640/480/?43937', 'Aut vel hic perspiciatis rerum ea laborum.'),
(381, 118, 'https://lorempixel.com/640/480/?62823', 'Deleniti veritatis et voluptatibus incidunt delectus minima.'),
(382, 118, 'https://lorempixel.com/640/480/?56426', 'Architecto inventore quia tempora sed.'),
(383, 118, 'https://lorempixel.com/640/480/?77086', 'Soluta libero libero porro tempora ex.'),
(384, 119, 'https://lorempixel.com/640/480/?48585', 'Sunt aut dolorum placeat quo saepe.'),
(385, 119, 'https://lorempixel.com/640/480/?48536', 'Pariatur voluptatem dolorem et omnis voluptatem aut.'),
(386, 120, 'https://lorempixel.com/640/480/?61127', 'Exercitationem possimus ipsum quae earum quas maiores nihil voluptatem.'),
(387, 120, 'https://lorempixel.com/640/480/?99189', 'Similique ut maiores qui dolores provident debitis.'),
(388, 120, 'https://lorempixel.com/640/480/?76074', 'Quas soluta ab praesentium beatae.'),
(389, 120, 'https://lorempixel.com/640/480/?68539', 'Dignissimos ipsum rerum et mollitia ex quod omnis.');

-- --------------------------------------------------------

--
-- Structure de la table `migration_versions`
--

DROP TABLE IF EXISTS `migration_versions`;
CREATE TABLE IF NOT EXISTS `migration_versions` (
  `version` varchar(14) COLLATE utf8mb4_unicode_ci NOT NULL,
  `executed_at` datetime NOT NULL COMMENT '(DC2Type:datetime_immutable)',
  PRIMARY KEY (`version`)
) ENGINE=InnoDB DEFAULT CHARSET=utf8mb4 COLLATE=utf8mb4_unicode_ci;

--
-- Déchargement des données de la table `migration_versions`
--

INSERT INTO `migration_versions` (`version`, `executed_at`) VALUES
('20200212222901', '2020-02-25 17:04:04'),
('20200225175004', '2020-02-25 17:50:46'),
('20200225191800', '2020-02-25 19:18:30'),
('20200226134236', '2020-02-26 13:43:09');

-- --------------------------------------------------------

--
-- Structure de la table `role`
--

DROP TABLE IF EXISTS `role`;
CREATE TABLE IF NOT EXISTS `role` (
  `id` int(11) NOT NULL AUTO_INCREMENT,
  `title` varchar(255) COLLATE utf8mb4_unicode_ci NOT NULL,
  PRIMARY KEY (`id`)
) ENGINE=InnoDB AUTO_INCREMENT=5 DEFAULT CHARSET=utf8mb4 COLLATE=utf8mb4_unicode_ci;

--
-- Déchargement des données de la table `role`
--

INSERT INTO `role` (`id`, `title`) VALUES
(4, 'ROLE_ADMIN');

-- --------------------------------------------------------

--
-- Structure de la table `role_user`
--

DROP TABLE IF EXISTS `role_user`;
CREATE TABLE IF NOT EXISTS `role_user` (
  `role_id` int(11) NOT NULL,
  `user_id` int(11) NOT NULL,
  PRIMARY KEY (`role_id`,`user_id`),
  KEY `IDX_332CA4DDD60322AC` (`role_id`),
  KEY `IDX_332CA4DDA76ED395` (`user_id`)
) ENGINE=InnoDB DEFAULT CHARSET=utf8mb4 COLLATE=utf8mb4_unicode_ci;

--
-- Déchargement des données de la table `role_user`
--

INSERT INTO `role_user` (`role_id`, `user_id`) VALUES
(4, 34);

-- --------------------------------------------------------

--
-- Structure de la table `user`
--

DROP TABLE IF EXISTS `user`;
CREATE TABLE IF NOT EXISTS `user` (
  `id` int(11) NOT NULL AUTO_INCREMENT,
  `first_name` varchar(255) COLLATE utf8mb4_unicode_ci NOT NULL,
  `last_name` varchar(255) COLLATE utf8mb4_unicode_ci NOT NULL,
  `email` varchar(255) COLLATE utf8mb4_unicode_ci NOT NULL,
  `picture` varchar(255) COLLATE utf8mb4_unicode_ci DEFAULT NULL,
  `hash` varchar(255) COLLATE utf8mb4_unicode_ci NOT NULL,
  `introduction` varchar(255) COLLATE utf8mb4_unicode_ci NOT NULL,
  `description` longtext COLLATE utf8mb4_unicode_ci NOT NULL,
  `slug` varchar(255) COLLATE utf8mb4_unicode_ci NOT NULL,
  PRIMARY KEY (`id`)
) ENGINE=InnoDB AUTO_INCREMENT=45 DEFAULT CHARSET=utf8mb4 COLLATE=utf8mb4_unicode_ci;

--
-- Déchargement des données de la table `user`
--

INSERT INTO `user` (`id`, `first_name`, `last_name`, `email`, `picture`, `hash`, `introduction`, `description`, `slug`) VALUES
(34, 'David', 'Prost', 'robredo10@gmail.com', 'http://avatars.io/twitter/LiorC', '$2y$13$YuRD2kFdPkoP0oXvpyLtHeyuTAyTeWwUpttuBcOgHlxd/Tk0OV0Yy', 'Voluptatem enim tenetur nulla delectus non eveniet magnam.', '<p>Et eius rem rem corporis numquam ad voluptatem. Doloribus delectus voluptas consequatur. Iure porro et fugit impedit aut doloremque quidem.</p><p>Necessitatibus doloribus aliquam ut quia omnis. Rerum id et atque omnis modi. Velit autem modi totam quae voluptatum.</p><p>Ratione perspiciatis molestiae est itaque accusantium. Odio ut maxime expedita fuga sit voluptatum nesciunt. Minima consequuntur assumenda totam sit minus doloremque.</p>', 'david-prost'),
(35, 'Candice', 'Schimmel', 'ehane@hotmail.com', 'https://randomuser.me/api/portraits/women/30.jpg', '$2y$13$tkGpbAnubD4Uf14JmMN4sOGh2VFd3Ct8ia0976jxGnH8JHGG46b9y', 'Doloribus aut aut quasi.', '<p>Reprehenderit ut perspiciatis perspiciatis et. Amet amet et facere cum cumque animi. Exercitationem error sequi itaque distinctio in praesentium.</p><p>Praesentium fugit hic dolorem et vel consequatur quae delectus. Molestias sunt deserunt aut error sit distinctio magnam.</p><p>Quis est omnis et quis totam. Vel voluptas labore et velit rem vel. Harum eaque odit veniam dolores aut nulla.</p>', 'candice-schimmel'),
(36, 'Roger', 'Wilderman', 'talia.murray@stoltenberg.com', 'https://randomuser.me/api/portraits/men/20.jpg', '$2y$13$haRA32mIc6vt1Vx0iVrw.eESwt/SQLSKAGRM72F0lUg/UHSqVIjjK', 'Consectetur unde assumenda explicabo natus.', '<p>Voluptatem ratione nobis voluptatem commodi sapiente aspernatur odit. Qui esse odit ut harum odio. Non cupiditate repellat qui atque eligendi reiciendis. Accusantium in consequatur repudiandae quia dolorum alias non.</p><p>Quidem ex qui reprehenderit tenetur et. Accusantium sunt officiis itaque recusandae veniam a. Quia voluptatibus nam non omnis nesciunt. Aut neque minima et voluptatum at.</p><p>Rerum facilis nihil laboriosam accusantium molestiae. Ea quia aut quae qui repellat voluptatem. Ea et exercitationem qui voluptatibus repudiandae corporis.</p>', 'roger-wilderman'),
(37, 'Elise', 'Runolfsdottir', 'isenger@anderson.com', 'https://randomuser.me/api/portraits/women/91.jpg', '$2y$13$n1NxGiwEq7jWy1au0mFAMeldMEvSIqKjMJyV5LlZ1zhdvuDfnlWOm', 'Facere et consequatur quasi non et nobis.', '<p>Iusto sequi aliquam quia totam rerum perferendis maxime. Ipsa rerum aliquam dolore. Excepturi sint assumenda eum quia velit exercitationem.</p><p>Nihil est ducimus voluptatum alias vero sapiente. Enim animi aut cumque. Dolor est deleniti ipsum ratione. Labore cumque et architecto nulla maiores qui. Est voluptatem quasi et aut voluptas.</p><p>Cum quod cumque officiis qui. Quis inventore ad blanditiis deserunt eum quidem. Sunt magnam et laboriosam nostrum tenetur non. Eum dolorem quas cupiditate dignissimos a quasi consequatur.</p>', 'elise-runolfsdottir'),
(38, 'Arvel', 'Wiegand', 'stiedemann.isaiah@gmail.com', 'https://randomuser.me/api/portraits/men/99.jpg', '$2y$13$XZKp8bsOhXbcf/4x8F5puejOhRnnlxL/gb1rpO4/2dYjFepcMHZN.', 'Illo non officiis corrupti natus eveniet.', '<p>Optio laboriosam quidem a et necessitatibus qui dolor. Molestias facere suscipit dolor eos eos laboriosam et explicabo. Dolor et libero ipsum hic.</p><p>Necessitatibus quia neque ex. Non qui cumque voluptatibus ut optio et voluptatem corporis. Delectus dolores eveniet ea explicabo. Rem ut dolorum debitis impedit eos veniam. Consequuntur incidunt quae rerum.</p><p>Aut maxime quo dolorem odio molestias. Ex consequatur commodi et eos. Delectus aut alias quam itaque. Animi maxime est voluptatibus eum recusandae exercitationem et.</p>', 'arvel-wiegand'),
(39, 'Beulah', 'Greenfelder', 'zelma.weissnat@gmail.com', 'https://randomuser.me/api/portraits/women/31.jpg', '$2y$13$wgCQ0EREugQ2q40oRRmYYuvlFEdYRuTWDkFMTQC.wrCrscu/Z/Jza', 'Quo nemo sed ad quisquam.', '<p>Non nihil et minima sunt totam iure. Iste ipsum eum consequatur expedita reprehenderit corrupti autem. Nulla dolores excepturi atque non numquam quis aut.</p><p>Quam ut saepe sed vitae. Beatae ipsa ipsum nulla blanditiis delectus ut explicabo. Dolor nemo molestias veniam sed fugiat officiis. Quae nihil cumque nisi nulla.</p><p>Quasi perferendis nam sed omnis. Eius quos fugiat unde porro saepe voluptatum cum. Nihil enim aliquid assumenda nisi odit excepturi.</p>', 'beulah-greenfelder'),
(40, 'Clemmie', 'Aufderhar', 'corene.cruickshank@reynolds.com', 'https://randomuser.me/api/portraits/women/50.jpg', '$2y$13$CCzNC78N1qkzS7XYsyZJjuhQ9Nvfnlx8IjFX8Ag3NcPg0EDSV.TEK', 'Qui vero exercitationem velit distinctio sit.', '<p>Repellat excepturi tempora similique qui. Unde eum error corrupti numquam nam dolore. Voluptatem officia et sed ea eaque ut et consequatur.</p><p>Iste expedita qui quia iusto. Odio et non necessitatibus quo. Non et voluptas laudantium voluptas.</p><p>At reprehenderit repellendus nihil quaerat beatae sit. Accusamus ex adipisci sapiente.</p>', 'clemmie-aufderhar'),
(41, 'Freeda', 'Rutherford', 'rpfannerstill@hotmail.com', 'https://randomuser.me/api/portraits/women/54.jpg', '$2y$13$YzzirUphZSOrZpZje/zovO0syFs0.e/H2ZK6sIO686HoVM/q46zvC', 'Rem blanditiis quia esse magni exercitationem incidunt libero sunt.', '<p>Fugit pariatur quasi vel maiores. Quia eius exercitationem magnam corrupti cupiditate. Placeat aut quos eos excepturi. Qui voluptate sunt deserunt.</p><p>Sed cum nihil unde blanditiis non. Autem inventore et velit quo deserunt inventore. Sit rerum magni sunt dolore architecto nemo vel optio.</p><p>Dolor voluptatem soluta autem quo voluptatem distinctio numquam. Nesciunt accusamus nulla commodi. Vitae in tempora dicta quidem.</p>', 'freeda-rutherford'),
(42, 'Allen', 'Welch', 'zokuneva@pfannerstill.com', 'https://randomuser.me/api/portraits/men/9.jpg', '$2y$13$HE7mA3/XyCwS4Y6T52MzAeC/wugEY7IAHKKTtnVPmigvsQ.yUILdm', 'Distinctio eos ut ducimus.', '<p>Fuga ducimus soluta ea est commodi. Sit natus et laboriosam eius rerum quis dicta qui. Et fugiat cum sit qui repudiandae sit molestias sunt. Ut aut fuga qui voluptatum voluptatibus est tempora.</p><p>Reprehenderit repudiandae iusto voluptatibus voluptatem optio vitae magnam voluptas. Et velit omnis fuga ut doloribus et. Dolor et optio aut quod voluptate voluptatibus repellat. Explicabo sed cupiditate ut quo.</p><p>Sit necessitatibus officia et. Atque non magnam qui vitae sit. Sapiente optio officiis vitae perferendis voluptatem quo. Et molestias et at repellendus omnis expedita.</p>', 'allen-welch'),
(43, 'Mathias', 'Hickle', 'elisa.schmidt@bergnaum.com', 'https://randomuser.me/api/portraits/men/18.jpg', '$2y$13$a5ogXYyigrG2Ahzv59oAn.nQMcMkQGedKMt0cmssmaR/afTiWnTSy', 'Neque in expedita quibusdam labore provident.', '<p>Quia culpa aliquam impedit facere mollitia. Quia quisquam molestiae rerum. Repudiandae et quo ut odio optio possimus.</p><p>Vel iusto nesciunt sequi aperiam. Qui quia eligendi sint. Sequi quis quae deserunt aut. Ratione amet vel sequi amet nam culpa aut.</p><p>Corrupti asperiores eum quod delectus vero totam tempora. Qui quam tenetur consequatur. Enim nostrum hic et. Rerum ullam voluptatem ut qui.</p>', 'mathias-hickle'),
(44, 'Angelita', 'Yost', 'block.laurine@carter.com', 'https://randomuser.me/api/portraits/women/7.jpg', '$2y$13$n3wvU5CQV6EVK688c1wdUuuJpgWb.T27ldNJKq6a2CJesC91cdBtu', 'Totam a vel assumenda dolorem iste.', '<p>Iusto magnam autem quis repudiandae ipsa non. Nemo alias et corrupti. Quia totam ea ab.</p><p>Tempora quibusdam hic perferendis doloribus rerum ea sed libero. Est doloremque deleniti earum nesciunt. Consequatur et earum dolore fugit numquam rerum sunt. Praesentium quis cum consectetur iusto.</p><p>Vitae accusamus voluptates ut illo nobis quam. Laudantium perspiciatis quo eos.</p>', 'angelita-yost');

--
-- Contraintes pour les tables déchargées
--

--
-- Contraintes pour la table `ad`
--
ALTER TABLE `ad`
  ADD CONSTRAINT `FK_77E0ED58F675F31B` FOREIGN KEY (`author_id`) REFERENCES `user` (`id`);

--
-- Contraintes pour la table `booking`
--
ALTER TABLE `booking`
  ADD CONSTRAINT `FK_E00CEDDE4F34D596` FOREIGN KEY (`ad_id`) REFERENCES `ad` (`id`),
  ADD CONSTRAINT `FK_E00CEDDE8B7E4006` FOREIGN KEY (`booker_id`) REFERENCES `user` (`id`);

--
-- Contraintes pour la table `comment`
--
ALTER TABLE `comment`
  ADD CONSTRAINT `FK_9474526C4F34D596` FOREIGN KEY (`ad_id`) REFERENCES `ad` (`id`),
  ADD CONSTRAINT `FK_9474526CF675F31B` FOREIGN KEY (`author_id`) REFERENCES `user` (`id`);

--
-- Contraintes pour la table `image`
--
ALTER TABLE `image`
  ADD CONSTRAINT `FK_C53D045F4F34D596` FOREIGN KEY (`ad_id`) REFERENCES `ad` (`id`);

--
-- Contraintes pour la table `role_user`
--
ALTER TABLE `role_user`
  ADD CONSTRAINT `FK_332CA4DDA76ED395` FOREIGN KEY (`user_id`) REFERENCES `user` (`id`) ON DELETE CASCADE,
  ADD CONSTRAINT `FK_332CA4DDD60322AC` FOREIGN KEY (`role_id`) REFERENCES `role` (`id`) ON DELETE CASCADE;
COMMIT;

/*!40101 SET CHARACTER_SET_CLIENT=@OLD_CHARACTER_SET_CLIENT */;
/*!40101 SET CHARACTER_SET_RESULTS=@OLD_CHARACTER_SET_RESULTS */;
/*!40101 SET COLLATION_CONNECTION=@OLD_COLLATION_CONNECTION */;
